,exm271511,rs35874116,rs5400,rs5400_ilmndup1,rs5417,kgp11898509,exm-rs12970134,rs12970134,exm-rs1421085,rs1421085,exm-rs2943641,rs2943641,exm-rs7102710,exm1602254,exm-rs9939609,rs9939609,rs9939609_ilmndup1,exm-rs17817449,rs17817449,exm-rs1558902,rs1558902,rs17300539,exm-rs17782313,rs17782313,rs17782313_ilmndup1,ilmnseq_rs4994_ilmndup1,rs4994,rs4994_ilmndup1,rs1801260,rs1801260_ilmndup1
AO405,CC,CC,CC,CC,AA,AA,GG,GG,TC,TC,TT,TT,TT,GG,AT,AT,AT,TG,TG,TA,TA,AG,TT,TT,TT,TT,TT,TT,TT,TT
PO405,CC,CC,CC,CC,AC,AG,AG,AG,TC,TC,CC,CC,TT,GG,AT,AT,AT,TG,TG,TA,TA,AG,TC,TC,TC,TT,TT,TT,TT,TT
AO409,CC,TC,TC,TC,AC,AG,GG,GG,TC,TC,TC,TC,TT,GG,AT,AT,AT,TG,TG,TA,TA,AG,TT,TT,TT,TT,TT,TT,TT,TT
SO409,CC,CC,CC,CC,CC,GG,GG,GG,TT,TT,CC,CC,TT,GG,TT,TT,TT,TT,TT,TT,TT,GG,TT,TT,TT,TT,TT,TT,TC,TC
AO414,CC,TT,CC,CC,CC,GG,AA,AA,CC,CC,TC,TC,TT,GG,AA,AA,AA,GG,GG,AA,AA,AG,CC,CC,CC,TC,TC,TC,CC,CC
PO414,CC,TT,TC,TC,CC,GG,AA,AA,TC,TC,TC,TC,TT,GG,AT,AT,AT,TG,TG,TA,TA,AG,CC,CC,CC,TT,TT,TT,TC,TC
AO415,TC,TT,CC,CC,AA,AA,GG,GG,TC,TC,TT,TT,TT,GG,AT,AT,AT,TG,TG,TA,TA,GG,TT,TT,TT,TT,TT,TT,TT,TT
PO415,TC,TT,TC,TC,AA,AA,GG,GG,CC,CC,TT,TT,TT,GG,AA,AA,AA,GG,GG,AA,AA,GG,TT,TT,TT,TT,TT,TT,TT,TT
SO415,CC,TT,CC,CC,AA,AA,GG,GG,TT,TT,TT,TT,TC,GG,TT,TT,TT,TT,TT,TT,TT,GG,TT,TT,TT,TT,TT,TT,TT,TT
AO416,CC,TT,CC,CC,AC,AG,AG,AG,TC,TC,CC,CC,TC,GG,AT,AT,AT,TG,TG,TA,TA,GG,TC,TC,TC,TT,TT,TT,TC,TC
SO416,CC,TT,TC,TC,AC,AG,GG,GG,TC,TC,TC,TC,TC,GG,AT,AT,AT,TG,TG,TA,TA,GG,TT,TT,TT,TT,TT,TT,TT,TT
AO418,CC,TT,CC,CC,AC,AG,AG,AG,TC,TC,CC,CC,TT,GG,AT,AT,AT,TG,TG,TA,TA,GG,TC,TC,TC,TT,TT,TT,TC,TC
BO418,TC,TT,TC,TC,AC,AG,GG,GG,TT,TT,CC,CC,TT,GG,TT,TT,TT,TT,TT,TT,TT,AG,TT,TT,TT,TT,TT,TT,TC,TC
PO418,CC,TT,TC,TC,AC,AG,GG,GG,TC,TC,CC,CC,TT,GG,AT,AT,AT,TG,TG,TA,TA,AG,TT,TT,TT,TT,TT,TT,TC,TC
SO418,TC,TT,CC,CC,AA,AA,AG,AG,TT,TT,CC,CC,TT,GG,TT,TT,TT,TT,TT,TT,TT,GG,TC,TC,TC,TT,TT,TT,TC,TC
AO419,TC,CC,TC,TC,AC,AG,AG,AG,TT,TT,TC,TC,TT,GG,TT,TT,TT,TT,TT,TT,TT,GG,TC,TC,TC,TT,TT,TT,CC,CC
PO419,CC,TC,CC,CC,AC,AG,AG,AG,TC,TC,CC,CC,TT,GG,AT,AT,AT,TG,TG,TA,TA,GG,TC,TC,TC,TT,TT,TT,CC,CC
AO420,CC,TT,CC,CC,AA,AA,AA,AA,CC,CC,CC,CC,TT,GG,AA,AA,AA,GG,GG,AA,AA,GG,CC,CC,CC,TC,TC,TC,TT,TT
PO420,CC,TC,CC,CC,AA,AA,AG,AG,TC,TC,CC,CC,TT,GG,AT,AT,AT,TG,TG,TA,TA,GG,TC,TC,TC,TC,TC,TC,TT,TT
SO420,CC,TT,CC,CC,AC,AG,AA,AA,CC,CC,CC,CC,TT,GG,AA,AA,AA,GG,GG,AA,AA,GG,CC,CC,CC,TT,TT,TT,TT,TT
AO423,CC,TT,CC,CC,AC,AG,GG,GG,TT,TT,TC,TC,TT,GG,TT,TT,TT,TT,TT,TT,TT,GG,TT,TT,TT,TT,TT,TT,TC,TC
PO423,CC,TT,CC,CC,AC,AG,GG,GG,TC,TC,TC,TC,TT,GG,AT,AT,AT,TG,TG,TA,TA,GG,TT,TT,TT,TT,TT,TT,TC,TC
SO423,CC,TT,CC,CC,AA,AA,GG,GG,TT,TT,CC,CC,TT,GG,TT,TT,TT,TT,TT,TT,TT,GG,TT,TT,TT,TC,TC,TC,TC,TC
AO426,CC,CC,TC,TC,AA,AA,GG,GG,TT,TT,TT,TT,TT,GG,TT,TT,TT,TT,TT,TT,TT,GG,TT,TT,TT,TT,TT,TT,TC,TC
BO426,CC,TC,TT,TT,AA,AA,AG,AG,TT,TT,TC,TC,TT,GG,TT,TT,TT,TT,TT,TT,TT,GG,TC,TC,TC,TC,TC,TC,TT,TT
PO426,TC,TC,TC,TC,AA,AA,GG,GG,TT,TT,TC,TC,TT,GG,TT,TT,TT,TT,TT,TT,TT,GG,TT,TT,TT,TT,TT,TT,TC,TC
AO427,CC,TC,TC,TC,AA,AA,GG,GG,TC,TC,CC,CC,TT,GG,AT,AT,AT,TG,TG,TA,TA,GG,TT,TT,TT,TC,TC,TC,TC,TC
PO427,CC,TC,CC,CC,AA,AA,AG,AG,TC,TC,CC,CC,TT,GG,AT,AT,AT,TG,TG,TA,TA,GG,TC,TC,TC,TC,TC,TC,TT,TT
SO427,CC,TT,TC,TC,AA,AA,GG,GG,TC,TC,CC,CC,TT,GG,AT,AT,AT,TG,TG,TA,TA,GG,TT,TT,TT,TT,TT,TT,TC,TC
AO428,TC,TT,TC,TC,AA,AA,AG,AG,TC,TC,TC,TC,TT,GG,AT,AT,AT,TG,TG,TA,TA,GG,TC,TC,TC,TT,TT,TT,TC,TC
PO428,TC,TT,TC,TC,AA,AA,GG,GG,CC,CC,TC,TC,TT,GG,AA,AA,AA,GG,GG,AA,AA,GG,TT,TT,TT,TT,TT,TT,TT,TT
SO428,CC,TC,TC,TC,AC,AG,AG,AG,TT,TT,TC,TC,TT,GG,TT,TT,TT,TT,TT,TT,TT,GG,TC,TC,TC,TT,TT,TT,CC,CC
AO429,CC,TT,CC,CC,AA,AA,GG,GG,TC,TC,CC,CC,TT,GG,AT,AT,AT,TG,TG,TA,TA,GG,TT,TT,TT,TT,TT,TT,TT,TT
BO429,CC,TC,CC,CC,AA,AA,GG,GG,TC,TC,TC,TC,TT,GG,AT,AT,AT,TG,TG,TA,TA,AG,TT,TT,TT,TT,TT,TT,TT,TT
PO429,CC,TC,CC,CC,AC,AG,GG,GG,TC,TC,CC,CC,TC,GG,AT,AT,AT,TG,TG,TA,TA,AG,TT,TT,TT,TT,TT,TT,TT,TT
AO431,CC,TT,CC,CC,CC,GG,GG,GG,TT,TT,TC,TC,TC,GG,TT,TT,TT,TT,TT,TT,TT,GG,TT,TT,TT,CC,CC,CC,TT,TT
SO431,CC,TT,CC,CC,AC,AG,GG,GG,TC,TC,CC,CC,TC,GG,AT,AT,AT,TG,TG,TA,TA,GG,TT,TT,TT,TC,TC,TC,TT,TT
AO432,CC,TC,CC,CC,AC,AG,AA,AA,TT,TT,TT,TT,TT,GG,TT,TT,TT,TT,TT,TT,TT,AG,CC,CC,CC,TT,TT,TT,TT,TT
BO432,CC,CC,CC,CC,AA,AA,AG,AG,TC,TC,TC,TC,TT,GG,AT,AT,AT,TG,TG,TA,TA,AG,TC,TC,TC,TT,TT,TT,TT,TT
PO432,CC,TC,CC,CC,AA,AA,AA,AA,TC,TC,TC,TC,TT,GG,AT,AT,AT,TG,TG,TA,TA,GG,CC,CC,CC,TT,TT,TT,TT,TT
SO432,CC,TC,CC,CC,AC,AG,AG,AG,TT,TT,TT,TT,TT,GG,TT,TT,TT,TT,TT,TT,TT,AA,TC,TC,TC,TT,TT,TT,TT,TT
AO433,CC,TT,CC,CC,AA,AA,AG,AG,TT,TT,TC,TC,TC,GG,TT,TT,TT,TT,TT,TT,TT,GG,TT,TT,TT,TT,TT,TT,TC,TC
PO433,CC,TT,CC,CC,AA,AA,AG,AG,TC,TC,TC,TC,TT,GG,AT,AT,AT,TG,TG,TA,TA,GG,TC,TC,TC,TC,TC,TC,CC,CC
AO434,CC,TC,TC,TC,AA,AA,AG,AG,TC,TC,CC,CC,TT,GG,AT,AT,AT,TG,TG,TA,TA,GG,TC,TC,TC,TT,TT,TT,TC,TC
BO434,CC,TT,CC,CC,AC,AG,AG,AG,CC,CC,TC,TC,TT,GG,AA,AA,AA,GG,GG,AA,AA,GG,TC,TC,TC,TT,TT,TT,TC,TC
PO434,CC,TC,TC,TC,AC,AG,GG,GG,CC,CC,TC,TC,TT,GG,AA,AA,AA,GG,GG,AA,AA,GG,TT,TT,TT,TT,TT,TT,TT,TT
SO434,CC,TT,CC,CC,AA,AA,AG,AG,TC,TC,TC,TC,TT,GG,AT,AT,AT,TG,TG,TA,TA,GG,TC,TC,TC,TT,TT,TT,TC,TC
AO435,CC,CC,TC,TC,AC,AG,AG,AG,CC,CC,TC,TC,TT,GG,AA,AA,AA,GG,GG,AA,AA,GG,TC,TC,TC,TT,TT,TT,TC,TC
PO435,--,CC,TC,TC,AC,AG,AG,AG,TC,TC,TT,TT,TT,GG,AT,AT,AT,TG,TG,TA,TA,GG,TC,TC,TC,TT,TT,TT,TC,TC
AO438,CC,TC,CC,CC,AC,AG,AG,AG,TT,TT,TC,TC,TT,GG,TT,TT,TT,TT,TT,TT,TT,GG,TC,TC,TC,TC,TC,TC,TT,TT
PO438,CC,TC,CC,CC,AC,AG,GG,GG,TT,TT,CC,CC,TT,GG,TT,TT,TT,TT,TT,TT,TT,GG,TT,TT,TT,TC,TC,TC,TT,TT
SO438,CC,TC,CC,CC,AA,AA,AA,AA,TC,TC,TC,TC,TT,GG,AT,AT,AT,TG,TG,TA,TA,GG,CC,CC,CC,TT,TT,TT,TT,TT
AO439,CC,TC,TT,TT,AC,AG,GG,GG,TT,TT,CC,CC,TT,GG,TT,TT,TT,TT,TT,TT,TT,GG,TT,TT,TT,TT,TT,TT,CC,CC
PO439,CC,TC,TC,TC,AA,AA,GG,GG,TT,TT,CC,CC,TT,GG,TT,TT,TT,TT,TT,TT,TT,GG,TT,TT,TT,TT,TT,TT,TC,TC
SO439,CC,CC,TC,TC,AC,AG,AG,AG,TT,TT,TC,TC,TT,AG,TT,TT,TT,TT,TT,TT,TT,GG,TC,TC,TC,TT,TT,TT,TC,TC
AO441,CC,TC,CC,CC,CC,GG,GG,GG,CC,CC,CC,CC,TT,AG,AA,AA,AA,GG,GG,AA,AA,GG,TT,TT,TT,TC,TC,TC,TT,TT
PO441,CC,TT,CC,CC,AC,AG,GG,GG,TC,TC,CC,CC,TT,AG,AT,AT,AT,TG,TG,TA,TA,GG,TT,TT,TT,TC,TC,TC,TT,TT
AO442,TC,TT,CC,CC,AC,AG,GG,GG,TC,TC,CC,CC,TT,AG,AT,AT,AT,TG,TG,TA,TA,GG,TT,TT,TT,TT,TT,TT,CC,CC
PO442,--,TT,CC,CC,AC,AG,GG,GG,TC,TC,CC,CC,TT,GG,AT,AT,AT,TG,TG,TA,TA,GG,TT,TT,TT,TT,TT,TT,CC,CC
AO443,CC,TC,CC,CC,AC,AG,GG,GG,TT,TT,TC,TC,TT,GG,TT,TT,TT,TT,TT,TT,TT,GG,TT,TT,TT,TT,TT,TT,TT,TT
BO443,CC,TC,CC,CC,AC,AG,GG,GG,TT,TT,TC,TC,TT,GG,TT,TT,TT,TT,TT,TT,TT,GG,TT,TT,TT,TT,TT,TT,TT,TT
CO443,CC,TT,CC,CC,AC,AG,AG,AG,TT,TT,TC,TC,TT,GG,TT,TT,TT,TT,TT,TT,TT,GG,TC,TC,TC,TT,TT,TT,TT,TT
PO443,CC,TT,CC,CC,CC,GG,GG,GG,TT,TT,CC,CC,TT,GG,TT,TT,TT,TT,TT,TT,TT,GG,TT,TT,TT,TT,TT,TT,TT,TT
SO443,CC,TC,TC,TC,AA,AA,AG,AG,TT,TT,TT,TT,TT,GG,TT,TT,TT,TT,TT,TT,TT,GG,TC,TC,TC,TT,TT,TT,TT,TT
AO444,CC,TC,TC,TC,AC,AG,AG,AG,TT,TT,TC,TC,TT,GG,TT,TT,TT,TT,TT,TT,TT,GG,TC,TC,TC,TT,TT,TT,TT,TT
PO444,CC,TC,TC,TC,AA,AA,AG,AG,TT,TT,CC,CC,TT,GG,TT,TT,TT,TT,TT,TT,TT,AG,TC,TC,TC,TT,TT,TT,TC,TC
AO445,CC,TT,CC,CC,AA,AA,GG,GG,TC,TC,TC,TC,TC,GG,AT,AT,AT,TG,TG,TA,TA,GG,TC,TC,TC,TT,TT,TT,TT,TT
PO445,CC,TT,CC,CC,AA,AA,AG,AG,TC,TC,TC,TC,TT,GG,AT,AT,AT,TG,TG,TA,TA,GG,TC,TC,TC,TT,TT,TT,TC,TC
SO445,CC,TT,CC,CC,AC,AG,AG,AG,CC,CC,TC,TC,TC,GG,AA,AA,AA,GG,GG,AA,AA,GG,CC,CC,CC,TT,TT,TT,TT,TT
AO447,CC,TC,CC,CC,CC,GG,AG,AG,TC,TC,CC,CC,TT,GG,AT,AT,AT,TG,TG,TA,TA,GG,TT,TT,TT,TT,TT,TT,TT,TT
PO447,CC,TC,CC,CC,CC,GG,GG,GG,TC,TC,CC,CC,TT,GG,AT,AT,AT,TG,TG,TA,TA,GG,TT,TT,TT,TT,TT,TT,TT,TT
SO447,CC,TT,CC,CC,AC,AG,AG,AG,TC,TC,CC,CC,TT,GG,AT,AT,AT,TG,TG,TA,TA,GG,TT,TT,TT,TT,TT,TT,TT,TT
AO448,CC,TT,CC,CC,AC,AG,AA,AA,TT,TT,CC,CC,TT,GG,TT,TT,TT,TT,TT,TT,TT,GG,CC,CC,CC,TT,TT,TT,TC,TC
BO448,CC,TT,TC,TC,AC,AG,AA,AA,TC,TC,TC,TC,TT,GG,AT,AT,AT,TG,TG,TA,TA,GG,CC,CC,CC,TT,TT,TT,TC,TC
PO448,CC,TT,CC,CC,CC,GG,AA,AA,TT,TT,CC,CC,TT,GG,TT,TT,TT,TT,TT,TT,TT,GG,CC,CC,CC,TT,TT,TT,TC,TC
SO448,CC,TT,TC,TC,AA,AA,AA,AA,TC,TC,TC,TC,TT,GG,AT,AT,AT,TG,TG,TA,TA,GG,CC,CC,CC,TT,TT,TT,TT,TT
AO449,CC,TT,CC,CC,AA,AA,GG,GG,TC,TC,CC,CC,TT,AG,AT,AT,AT,TG,TG,TA,TA,GG,TT,TT,TT,TC,TC,TC,TC,TC
PO449,CC,TC,CC,CC,AA,AA,GG,GG,TT,TT,TC,TC,TT,GG,TT,TT,TT,TT,TT,TT,TT,GG,TT,TT,TT,TT,TT,TT,TC,TC
SO449,CC,TC,CC,CC,AC,AG,GG,GG,TC,TC,TC,TC,TT,AG,AT,AT,AT,TG,TG,TA,TA,AG,TT,TT,TT,TC,TC,TC,TT,TT
AO450,CC,CC,CC,CC,AC,AG,GG,GG,TT,TT,CC,CC,TT,GG,TT,TT,TT,TT,TT,TT,TT,AG,TT,TT,TT,TT,TT,TT,TC,TC
BO450,CC,TC,CC,CC,AA,AA,GG,GG,TC,TC,TC,TC,TT,GG,AT,AT,AT,TG,TG,TA,TA,GG,TT,TT,TT,TT,TT,TT,TT,TT
SO450,CC,CC,CC,CC,AA,AA,AG,AG,TC,TC,TC,TC,TT,GG,AT,AT,AT,TG,TG,TA,TA,GG,TC,TC,TC,TT,TT,TT,TC,TC
AO451,--,--,TC,TC,CC,GG,GG,GG,TC,TC,TC,TC,TT,AG,AT,AT,AT,TG,TG,TA,TA,GG,TT,TT,TT,TT,TT,TT,TC,TC
PO451,TC,TC,TC,TC,AC,AG,GG,GG,TC,TC,CC,CC,TT,AG,AT,AT,AT,TG,TG,TA,TA,GG,TT,TT,TT,TT,TT,TT,TT,TT
SO451,CC,TT,CC,CC,AC,AG,GG,GG,TC,TC,TC,TC,TT,GG,AT,AT,AT,TG,TG,TA,TA,AG,TT,TT,TT,TT,TT,TT,TC,TC
AO452,CC,TC,TC,TC,AC,AG,AG,AG,TC,TC,CC,CC,TT,GG,AT,AT,AT,TG,TG,TA,TA,AG,TC,TC,TC,TT,TT,TT,CC,CC
PO452,CC,TT,CC,CC,CC,GG,AG,AG,TC,TC,CC,CC,TC,GG,AT,AT,AT,TG,TG,TA,TA,AG,TC,TC,TC,TT,TT,TT,TC,TC
SO452,TC,CC,TC,TC,AC,AG,GG,GG,TT,TT,CC,CC,TT,GG,TT,TT,TT,TT,TT,TT,TT,GG,TT,TT,TT,TT,TT,TT,TC,TC
AO453,--,TC,TC,TC,AA,AA,AG,AG,TT,TT,TT,TT,TT,GG,TT,TT,TT,TT,TT,TT,TT,GG,TC,TC,TC,TT,TT,TT,TT,TT
PO453,CC,TT,TC,TC,AC,AG,AG,AG,TC,TC,TC,TC,TT,GG,AT,AT,AT,TG,TG,TA,TA,GG,TC,TC,TC,TT,TT,TT,TT,TT
AO454,CC,TC,CC,CC,AA,AA,GG,GG,TC,TC,CC,CC,TT,GG,AT,AT,AT,TG,TG,TA,TA,GG,TT,TT,TT,TT,TT,TT,TT,TT
PO454,CC,TC,CC,CC,AC,AG,GG,GG,TC,TC,CC,CC,TT,GG,AT,AT,AT,TG,TG,TA,TA,GG,TT,TT,TT,TT,TT,TT,TC,TC
SO454,CC,CC,CC,CC,AA,AA,GG,GG,TC,TC,TC,TC,TT,GG,AT,AT,AT,TG,TG,TA,TA,GG,TT,TT,TT,TT,TT,TT,TT,TT
AO455,TC,TT,TC,TC,AC,AG,AG,AG,TT,TT,CC,CC,TT,GG,TT,TT,TT,TT,TT,TT,TT,GG,TC,TC,TC,TT,TT,TT,TC,TC
PO455,TC,TC,CC,CC,AC,AG,AG,AG,TC,TC,TC,TC,TT,GG,AT,AT,AT,TG,TG,TA,TA,GG,TC,TC,TC,TT,TT,TT,TT,TT
SO455,CC,TC,TC,TC,AA,AA,AG,AG,TC,TC,CC,CC,TT,AG,AT,AT,AT,TG,TG,TA,TA,GG,TC,TC,TC,TT,TT,TT,TC,TC
AO456,CC,TC,TC,TC,CC,GG,GG,GG,TC,TC,TT,TT,TT,GG,AT,AT,AT,TG,TG,TA,TA,GG,TC,TC,TC,TT,TT,TT,TT,TT
PO456,CC,TC,CC,CC,AA,AA,GG,GG,CC,CC,CC,CC,TC,GG,AA,AA,AA,GG,GG,AA,AA,GG,TT,TT,TT,TT,TT,TT,TC,TC
SO456,CC,TT,TT,TT,CC,GG,AG,AG,TT,TT,TC,TC,TT,GG,TT,TT,TT,TT,TT,TT,TT,GG,CC,CC,CC,TT,TT,TT,TC,TC
AO457,CC,TC,CC,CC,AA,AA,GG,GG,TC,TC,TC,TC,TT,GG,AT,AT,AT,TG,TG,TA,TA,GG,TT,TT,TT,TT,TT,TT,TC,TC
BO457,CC,TC,TC,TC,AA,AA,GG,GG,TC,TC,TC,TC,TT,GG,AT,AT,AT,TG,TG,TA,TA,GG,TT,TT,TT,TT,TT,TT,TT,TT
PO457,CC,CC,TC,TC,AA,AA,AG,AG,TT,TT,TT,TT,TT,GG,TT,TT,TT,TT,TT,TT,TT,GG,TC,TC,TC,TT,TT,TT,TC,TC
SO457,--,TT,TC,TC,AA,AA,GG,GG,TC,--,CC,CC,TT,GG,AT,AT,AT,TG,TG,TA,TA,GG,TT,TT,TT,TT,TT,TT,TT,TT
AO459,TC,TC,CC,CC,AA,AA,AG,AG,TT,TT,CC,CC,TT,GG,TT,TT,TT,TT,TT,TT,TT,GG,TC,TC,TC,TT,TT,TT,TT,TT
PO459,CC,TC,CC,CC,AA,AA,GG,GG,TT,TT,CC,CC,TT,GG,TT,TT,TT,TT,TT,TT,TT,GG,TT,TT,TT,TT,TT,TT,TT,TT
SO459,CC,TT,CC,CC,CC,GG,GG,GG,TC,TC,CC,CC,TT,GG,AT,AT,AT,TG,TG,TA,TA,AG,TT,TT,TT,TT,TT,TT,TC,TC
AO461,CC,CC,CC,CC,CC,GG,AG,AG,TT,TT,TC,TC,TT,GG,TT,TT,TT,TT,TT,TT,TT,GG,TC,TC,TC,TT,TT,TT,TC,TC
PO461,TC,TC,TC,TC,AC,AG,GG,GG,TT,TT,CC,CC,TT,GG,TT,TT,TT,TT,TT,TT,TT,GG,TT,TT,TT,TT,TT,TT,TC,TC
SO461,CC,CC,CC,CC,CC,GG,AG,AG,TT,TT,TT,TT,TT,GG,TT,TT,TT,TT,TT,TT,TT,GG,TC,TC,TC,TT,TT,TT,TC,TC
AO462,CC,TC,CC,CC,AC,AG,GG,GG,TT,TT,CC,CC,TT,GG,TT,TT,TT,TT,TT,TT,TT,GG,TT,TT,TT,TT,TT,TT,TT,TT
PO462,CC,TC,CC,CC,AC,AG,GG,GG,TT,TT,TC,TC,TT,GG,TT,TT,TT,TT,TT,TT,TT,GG,TT,TT,TT,TT,TT,TT,TT,TT
AO464,CC,TC,CC,CC,AC,AG,GG,GG,TT,TT,CC,CC,TC,GG,TT,TT,TT,TT,TT,TT,TT,AG,TT,TT,TT,TT,TT,TT,TT,TT
PO464,CC,TT,CC,CC,CC,GG,GG,GG,TT,TT,CC,CC,TT,GG,TT,TT,TT,TT,TT,TT,TT,AG,TT,TT,TT,TT,TT,TT,TC,TC
AO465,TC,TT,CC,CC,AC,AG,AA,AA,TC,TC,TC,TC,TT,GG,AT,AT,AT,TG,TG,TA,TA,GG,CC,CC,CC,TC,TC,TC,TC,TC
PO465,CC,TT,CC,CC,AA,AA,AA,AA,TT,TT,CC,CC,TT,AG,TT,TT,TT,TT,TT,TT,TT,GG,CC,CC,CC,TC,TC,TC,TC,TC
SO465,CC,TT,CC,CC,AC,AG,AG,AG,CC,CC,TC,TC,TT,GG,AA,AA,AA,GG,GG,AA,AA,GG,TC,TC,TC,TT,TT,TT,TC,TC
AO467,CC,CC,CC,CC,AC,AG,GG,GG,TC,TC,TT,TT,TT,GG,AT,AT,AT,TG,TG,TA,TA,GG,TT,TT,TT,TC,TC,TC,TC,TC
PO467,CC,TC,CC,CC,AA,AA,GG,GG,TC,TC,TT,TT,TT,GG,AT,AT,AT,TG,TG,TA,TA,GG,TT,TT,TT,TT,TT,TT,TC,TC
SO467,CC,TC,CC,CC,CC,GG,GG,GG,CC,CC,TC,TC,TT,GG,AA,AA,AA,GG,GG,AA,AA,AG,TT,TT,TT,TC,TC,TC,TT,TT
AO468,TC,TT,CC,CC,AC,AG,AG,AG,TC,TC,TC,TC,TT,GG,AT,AT,AT,TG,TG,TA,TA,GG,TC,TC,TC,TT,TT,TT,TT,TT
BO468,TC,TT,CC,CC,CC,GG,AG,AG,TC,TC,TT,TT,TT,GG,AT,AT,AT,TG,TG,TA,TA,GG,TC,TC,TC,TT,TT,TT,TT,TT
PO468,CC,TT,CC,CC,AC,AG,AA,AA,TC,TC,TC,TC,TT,GG,AT,AT,AT,TG,TG,TA,TA,GG,TC,TC,TC,TT,TT,TT,TC,TC
SO468,TC,TT,CC,CC,AC,AG,GG,GG,TC,TC,TC,TC,TT,GG,AT,AT,AT,TG,TG,TA,TA,GG,TT,TT,TT,TT,TT,TT,TT,TT
AO469,CC,TC,CC,CC,AC,AG,AG,AG,TT,TT,CC,CC,TT,GG,TT,TT,TT,TT,TT,TT,TT,GG,TT,TT,TT,TT,TT,TT,TT,TT
PO469,CC,TC,TC,TC,AA,AA,AG,AG,TC,TC,TC,TC,TT,GG,AT,AT,AT,TG,TG,TA,TA,GG,TT,TT,TT,TT,TT,TT,TT,TT
SO469,CC,TT,CC,CC,AC,AG,GG,GG,TC,TC,CC,CC,TT,GG,AT,AT,AT,TG,TG,TA,TA,AG,TT,TT,TT,TT,TT,TT,TT,TT
AO470,CC,TC,CC,CC,AA,AA,AG,AG,TT,TT,CC,CC,TT,GG,TT,TT,TT,TT,TT,TT,TT,GG,TC,TC,TC,TT,TT,TT,TT,TT
PO470,CC,TC,CC,CC,AA,AA,AG,AG,TT,TT,TC,TC,TT,GG,TT,TT,TT,TT,TT,TT,TT,AG,TC,TC,TC,TT,TT,TT,TC,TC
SO470,CC,TT,CC,CC,AA,AA,GG,GG,TT,TT,CC,CC,TT,GG,TT,TT,TT,TT,TT,TT,TT,GG,TT,TT,TT,TC,TC,TC,TT,TT
AO471,CC,TC,CC,CC,AC,AG,AG,AG,CC,CC,CC,CC,TT,GG,AA,AA,AA,GG,GG,AA,AA,GG,TC,TC,TC,TT,TT,TT,TC,TC
PO471,CC,TC,CC,CC,AA,AA,GG,GG,TC,TC,CC,CC,TC,GG,AT,AT,AT,TG,TG,TA,TA,GG,TT,TT,TT,TT,TT,TT,TC,TC
AO473,CC,TT,CC,CC,AC,AG,AG,AG,TC,TC,TC,TC,TT,GG,AT,AT,AT,TG,TG,TA,TA,GG,TC,TC,TC,TT,TT,TT,TT,TT
PO473,CC,--,CC,CC,AC,AG,AG,AG,TC,TC,TC,TC,TT,GG,AT,AT,AT,TG,TG,TA,TA,GG,TC,TC,TC,TT,TT,TT,TT,TT
SO473,CC,--,CC,CC,AA,AA,GG,GG,TC,TC,TC,TC,TT,AG,AT,AT,AT,TG,TG,TA,TA,GG,TT,TT,TT,TT,TT,TT,TT,TT
AO474,CC,TC,CC,CC,AC,AG,AG,AG,TC,TC,TC,TC,CC,GG,AT,AT,AT,TG,TG,TA,TA,GG,TC,TC,TC,TC,TC,TC,TT,TT
PO474,CC,TC,TC,TC,AC,AG,GG,GG,CC,CC,TC,TC,TC,GG,AA,AA,AA,GG,GG,AA,AA,AG,TT,TT,TT,TT,TT,TT,TT,TT
SO474,CC,--,CC,CC,AC,AG,AA,AA,TC,TC,CC,CC,TC,GG,AT,AT,AT,TG,TG,TA,TA,GG,CC,CC,CC,TC,TC,TC,TT,TT
AO476,CC,TC,CC,CC,AC,AG,GG,GG,TT,TT,CC,CC,TC,GG,TT,TT,TT,TT,TT,TT,TT,GG,TT,TT,TT,TT,TT,TT,CC,CC
PO476,CC,TT,CC,CC,AC,AG,GG,GG,TC,TC,TC,TC,TT,GG,AT,AT,AT,TG,TG,TA,TA,GG,TT,TT,TT,TT,TT,TT,TC,TC
SO476,CC,TC,CC,CC,AC,AG,AG,AG,TC,TC,TC,TC,TC,GG,AT,AT,AT,TG,TG,TA,TA,GG,TC,TC,TC,TT,TT,TT,CC,CC
AO477,CC,TT,CC,CC,AC,AG,GG,GG,TC,TC,TC,TC,TT,GG,AT,AT,AT,TG,TG,TA,TA,GG,TT,TT,TT,TT,TT,TT,TC,TC
BO477,CC,TC,CC,CC,CC,GG,GG,GG,CC,CC,TC,TC,TT,GG,AA,AA,AA,GG,GG,AA,AA,GG,TT,TT,TT,TT,TT,TT,TC,TC
PO477,CC,TT,TC,TC,AC,AG,GG,GG,TC,TC,CC,CC,TT,GG,AT,AT,AT,TG,TG,TA,TA,GG,TT,TT,TT,TT,TT,TT,CC,CC
AO479,CC,TT,CC,CC,AA,AA,GG,GG,TT,TT,TC,TC,TC,GG,TT,TT,TT,TT,TT,TT,TT,AG,TT,TT,TT,TC,TC,TC,TT,TT
BO479,CC,TT,CC,CC,AA,AA,AG,AG,TT,TT,CC,CC,TT,GG,TT,TT,TT,TT,TT,TT,TT,GG,TC,TC,TC,TC,TC,TC,TC,TC
PO479,CC,TT,CC,CC,AA,AA,GG,GG,TT,TT,CC,CC,TT,GG,TT,TT,TT,TT,TT,TT,TT,AG,TT,TT,TT,CC,CC,CC,TT,TT
AO480,CC,TC,CC,CC,AA,AA,GG,GG,CC,CC,CC,CC,TT,GG,AA,AA,AA,GG,GG,AA,AA,GG,TT,TT,TT,TT,TT,TT,TT,TT
BO480,CC,TC,CC,CC,AC,AG,GG,GG,TC,TC,CC,CC,TT,GG,AT,AT,AT,TG,TG,TA,TA,GG,TT,TT,TT,TC,TC,TC,TT,TT
PO480,CC,TC,CC,CC,AA,AA,GG,GG,TC,TC,CC,CC,TT,GG,AT,AT,AT,TG,TG,TA,TA,GG,TT,TT,TT,TT,TT,TT,TT,TT
SO480,CC,CC,CC,CC,AC,AG,GG,GG,TC,TC,CC,CC,TT,GG,AT,AT,AT,TG,TG,TA,TA,GG,TT,TT,TT,TC,TC,TC,TT,TT
AO483,CC,TT,CC,CC,AA,AA,AG,AG,TT,TT,TC,TC,TT,GG,TT,TT,TT,TT,TT,TT,TT,GG,TC,TC,TC,TT,TT,TT,TC,TC
BO483,CC,TT,CC,CC,AA,AA,AG,AG,TC,TC,TC,TC,TT,GG,AT,AT,AT,TG,TG,TA,TA,GG,TC,TC,TC,TT,TT,TT,TT,TT
PO483,CC,TT,CC,CC,AA,AA,GG,GG,TC,TC,CC,CC,TT,GG,AT,AT,AT,TG,TG,TA,TA,GG,TT,TT,TT,TT,TT,TT,TC,TC
SO483,CC,TT,CC,CC,AC,AG,AA,AA,TC,TC,TT,TT,TT,GG,AT,AT,AT,TG,TG,TA,TA,GG,TC,TC,TC,TT,TT,TT,TT,TT
AO486,CC,TT,CC,CC,AA,AA,GG,GG,TC,TC,CC,CC,TT,AG,AT,AT,AT,TG,TG,TA,TA,GG,TT,TT,TT,TT,TT,TT,TT,TT
PO486,CC,TT,CC,CC,AA,AA,GG,GG,CC,CC,CC,CC,TT,AG,AA,AA,AA,GG,GG,AA,AA,GG,TT,TT,TT,TT,TT,TT,TT,TT
SO486,CC,TT,TC,TC,AA,AA,AG,AG,TT,TT,CC,CC,TT,GG,TT,TT,TT,TT,TT,TT,TT,AG,TC,TC,TC,TT,TT,TT,TT,TT
AO490,CC,TT,CC,CC,AA,AA,GG,GG,CC,CC,TC,TC,TT,GG,AA,AA,AA,GG,GG,AA,AA,GG,TT,TT,TT,TC,TC,TC,TT,TT
PO490,CC,TT,CC,CC,AC,AG,GG,GG,TC,TC,CC,CC,TT,GG,AT,AT,AT,TG,TG,TA,TA,GG,TT,TT,TT,TT,TT,TT,TT,TT
SO490,CC,TT,TC,TC,AC,AG,GG,GG,TC,TC,TC,TC,TT,GG,AT,AT,AT,TG,TG,TA,TA,GG,TT,TT,TT,TC,TC,TC,TT,TT
AO491,CC,TC,CC,CC,AA,AA,GG,GG,TC,TC,CC,CC,TT,GG,AT,AT,AT,TG,TG,TA,TA,AG,TT,TT,TT,TT,TT,TT,TT,TT
BO491,CC,TC,CC,CC,AA,AA,GG,GG,TC,TC,CC,CC,TT,GG,AT,AT,AT,TG,TG,TA,TA,AG,TT,TT,TT,TT,TT,TT,TT,TT
PO491,CC,TC,CC,CC,AA,AA,GG,GG,TC,TC,CC,CC,TT,GG,AT,AT,AT,TG,TG,TA,TA,GG,TT,TT,TT,TT,TT,TT,TT,TT
SO491,CC,TC,CC,CC,AA,AA,GG,GG,TT,TT,TC,TC,TT,GG,TT,TT,TT,TT,TT,TT,TT,AG,TT,TT,TT,TT,TT,TT,TC,TC
AO494,CC,TT,CC,CC,AC,AG,GG,GG,TC,TC,TC,TC,TT,GG,AT,AT,AT,TG,TG,TA,TA,GG,TT,TT,TT,TT,TT,TT,TT,TT
BO494,CC,TC,CC,CC,AA,AA,GG,GG,TC,TC,TC,TC,TT,GG,AT,AT,AT,TG,TG,TA,TA,GG,TT,TT,TT,TT,TT,TT,TC,TC
PO494,CC,TT,CC,CC,AA,AA,GG,GG,CC,CC,TC,TC,TT,GG,AA,AA,AA,GG,GG,AA,AA,GG,TT,TT,TT,TT,TT,TT,TT,TT
AO502,CC,TT,CC,CC,AA,AA,GG,GG,CC,CC,CC,CC,TT,GG,AA,AA,AA,GG,GG,AA,AA,GG,TT,TT,TT,TT,TT,TT,TT,TT
PO502,CC,TT,TC,TC,AA,AA,GG,GG,TC,TC,TC,TC,TT,GG,AT,AT,AT,TG,TG,TA,TA,GG,TT,TT,TT,TT,TT,TT,TT,TT
SO502,CC,TT,CC,CC,AA,AA,GG,GG,CC,CC,TC,TC,TT,GG,AA,AA,AA,GG,GG,AA,AA,GG,TT,TT,TT,TT,TT,TT,TT,TT
AO505,CC,CC,CC,CC,AC,AG,AG,AG,TC,TC,CC,CC,TT,GG,AT,AT,AT,TG,TG,TA,TA,AG,TC,TC,TC,TT,TT,TT,TT,TT
PO505,CC,CC,CC,CC,AA,AA,GG,GG,TC,TC,CC,CC,TT,GG,AT,AT,AT,TG,TG,TA,TA,AG,TT,TT,TT,TT,TT,TT,TC,TC
AO506,TC,TT,CC,CC,CC,GG,GG,GG,CC,CC,TC,TC,TT,GG,AA,AA,AA,GG,GG,AA,AA,AG,TT,TT,TT,TT,TT,TT,TT,TT
PO506,TC,TC,CC,CC,AC,AG,GG,GG,TC,TC,TC,TC,TC,GG,AT,AT,AT,TG,TG,TA,TA,AG,TT,TT,TT,TT,TT,TT,TC,TC
SO506,CC,TT,CC,CC,CC,GG,GG,GG,TC,TC,CC,CC,TT,GG,AT,AT,AT,TG,TG,TA,TA,GG,TT,TT,TT,TT,TT,TT,TC,TC
AO507,CC,TC,CC,CC,CC,GG,GG,GG,TT,TT,CC,CC,TT,GG,TT,TT,TT,TT,TT,TT,TT,GG,TT,TT,TT,TT,TT,TT,TC,TC
BO507,CC,TT,CC,CC,CC,GG,GG,GG,TC,TC,CC,CC,TT,GG,AT,AT,AT,TG,TG,TA,TA,GG,TT,TT,TT,TC,TC,TC,CC,CC
PO507,--,TC,TC,TC,CC,GG,GG,GG,TC,TC,CC,CC,TT,GG,AT,AT,AT,TG,TG,TA,TA,GG,TT,TT,TT,TC,TC,TC,CC,CC
SO507,CC,TT,CC,CC,AC,AG,AG,AG,TC,TC,CC,CC,TT,GG,AT,AT,AT,TG,TG,TA,TA,GG,TC,TC,TC,TC,TC,TC,TC,TC
AO509,CC,TT,CC,CC,AC,AG,AG,AG,TT,TT,TC,TC,TT,GG,TT,TT,TT,TT,TT,TT,TT,GG,TC,TC,TC,TT,TT,TT,TT,TT
PO509,TC,TC,CC,CC,AC,AG,AG,AG,TT,TT,TC,TC,TT,AG,TT,TT,TT,TT,TT,TT,TT,GG,TC,TC,TC,TT,TT,TT,TT,TT
SO509,CC,TC,CC,CC,AC,AG,AG,AG,TT,TT,TC,TC,TT,GG,TT,TT,TT,TT,TT,TT,TT,GG,TC,TC,TC,TT,TT,TT,TT,TT
AO510,TC,TT,TC,TC,AA,AA,AG,AG,TT,TT,TC,TC,TT,GG,TT,TT,TT,TT,TT,TT,TT,GG,TC,TC,TC,TT,TT,TT,TC,TC
BO510,--,TT,TC,TC,AA,AA,AG,AG,TC,TC,TC,TC,TT,GG,AT,AT,AT,TG,TG,TA,TA,GG,CC,CC,CC,TT,TT,TT,TC,TC
PO510,CC,TT,TC,TC,AA,AA,AG,AG,TC,TC,TC,TC,TC,GG,AT,AT,AT,TG,TG,TA,TA,GG,TC,TC,TC,TT,TT,TT,TC,TC
SO510,TT,TT,CC,CC,AA,AA,GG,GG,TT,TT,CC,CC,TC,GG,TT,TT,TT,TT,TT,TT,TT,GG,TC,TC,TC,TT,TT,TT,TT,TT
AO514,TC,TC,CC,CC,AC,AG,GG,GG,TT,TT,TC,TC,TT,GG,TT,TT,TT,TT,TT,TT,TT,AG,TT,TT,TT,TT,TT,TT,TC,TC
PO514,CC,TT,CC,CC,CC,GG,GG,GG,TC,TC,CC,CC,TT,GG,AT,AT,AT,TG,TG,TA,TA,GG,TT,TT,TT,TT,TT,TT,TC,TC
SO514,TC,CC,CC,CC,AA,AA,GG,GG,TC,TC,TC,TC,TT,GG,AT,AT,AT,TG,TG,TA,TA,AG,TT,TT,TT,TT,TT,TT,TT,TT
AO515,CC,TT,TC,TC,AC,AG,GG,GG,CC,CC,CC,CC,TT,GG,AA,AA,AA,GG,GG,AA,AA,GG,TT,TT,TT,TT,TT,TT,TC,TC
PO515,TC,TT,CC,CC,AA,AA,GG,GG,TC,TC,CC,CC,TT,GG,AT,AT,AT,TG,TG,TA,TA,AG,TT,TT,TT,TT,TT,TT,TC,TC
SO515,CC,TC,TC,TC,AC,AG,AG,AG,TC,TC,CC,CC,TT,GG,AT,AT,AT,TG,TG,TA,TA,GG,TC,TC,TC,TT,TT,TT,TT,TT
AO516,CC,TT,TC,TC,AA,AA,GG,GG,CC,CC,CC,CC,TT,GG,AA,AA,AA,GG,GG,AA,AA,AG,TT,TT,TT,TC,TC,TC,TC,TC
PO516,CC,TC,CC,CC,AA,AA,GG,GG,CC,CC,CC,CC,TT,GG,AA,AA,AA,GG,GG,AA,AA,GG,TT,TT,TT,TT,TT,TT,TT,TT
SO516,CC,TT,TC,TC,AA,AA,GG,GG,TC,TC,TC,TC,TC,GG,AT,AT,AT,TG,TG,TA,TA,AG,TT,TT,TT,TC,TC,TC,TC,TC
AO517,CC,TT,CC,CC,AA,AA,GG,GG,TT,TT,TC,TC,TC,GG,TT,TT,TT,TT,TT,TT,TT,GG,TT,TT,TT,TT,TT,TT,TT,TT
PO517,CC,--,TC,TC,AA,AA,AG,AG,TC,TC,TT,TT,TT,GG,AT,AT,AT,TG,TG,TA,TA,GG,TC,TC,TC,TT,TT,TT,TC,TC
AO518,CC,TT,CC,CC,AC,AG,AA,AA,TT,TT,TC,TC,TT,GG,TT,TT,TT,TT,TT,TT,TT,GG,CC,CC,CC,TT,TT,TT,TT,TT
PO518,--,TC,CC,CC,--,AG,AA,AA,TT,TT,TC,TC,TT,GG,TT,TT,TT,TT,TT,TT,TT,GG,CC,CC,CC,TT,TT,TT,TC,TC
SO518,CC,--,CC,CC,AA,AA,AG,AG,TC,TC,CC,CC,TT,GG,AT,AT,AT,TG,TG,TA,TA,GG,TC,TC,TC,TT,TT,TT,TC,TC
AO519,CC,TT,CC,CC,AC,AG,GG,GG,TT,TT,TC,TC,TC,GG,TT,TT,TT,TT,TT,TT,TT,GG,TT,TT,TT,TC,TC,TC,TT,TT
PO519,TC,TC,CC,CC,AA,AA,GG,GG,TT,TT,CC,CC,TC,GG,TT,TT,TT,TT,TT,TT,TT,GG,TT,TT,TT,TC,TC,TC,TT,TT
AO520,CC,TC,CC,CC,AA,AA,AG,AG,TC,TC,TC,TC,TT,AG,AT,AT,AT,TG,TG,TA,TA,GG,TC,TC,TC,TT,TT,TT,TT,TT
BO520,CC,TC,CC,CC,AA,AA,AG,AG,TT,TT,CC,CC,TT,AG,TT,TT,TT,TT,TT,TT,TT,GG,TC,TC,TC,TC,TC,TC,TT,TT
PO520,CC,TT,CC,CC,AC,AG,AA,AA,TC,TC,TC,TC,TT,AA,AT,AT,AT,TG,TG,TA,TA,GG,CC,CC,CC,TC,TC,TC,TT,TT
SO520,CC,TC,CC,CC,AA,AA,GG,GG,TT,TT,CC,CC,TT,GG,TT,TT,TT,TT,TT,TT,TT,GG,TT,TT,TT,TT,TT,TT,TC,TC
AO522,CC,TC,CC,CC,AA,AA,GG,GG,TC,TC,CC,CC,TT,GG,AT,AT,AT,TG,TG,TA,TA,AG,TT,TT,TT,TT,TT,TT,TC,TC
BO522,CC,TC,CC,CC,AA,AA,GG,GG,TC,TC,CC,CC,TT,GG,AT,AT,AT,TG,TG,TA,TA,GG,TT,TT,TT,TT,TT,TT,TC,TC
PO522,CC,TC,CC,CC,AA,AA,GG,GG,TC,TC,CC,CC,TT,GG,AT,AT,AT,TG,TG,TA,TA,GG,TT,TT,TT,TT,TT,TT,TT,TT
SO522,CC,TC,CC,CC,AC,AG,GG,GG,TT,TT,CC,CC,TT,GG,TT,TT,TT,TT,TT,TT,TT,AG,TT,TT,TT,TT,TT,TT,CC,CC
AO523,CC,TC,CC,CC,CC,GG,AG,AG,TT,TT,CC,CC,TT,GG,TT,TT,TT,TT,TT,TT,TT,GG,TC,TC,TC,TC,TC,TC,TT,TT
PO523,CC,TT,CC,CC,CC,GG,AA,AA,TT,TT,CC,CC,TT,GG,TT,TT,TT,TT,TT,TT,TT,GG,CC,CC,CC,TT,TT,TT,TT,TT
SO523,CC,TC,CC,CC,CC,GG,GG,GG,TT,TT,CC,CC,TT,GG,TT,TT,TT,TT,TT,TT,TT,GG,TC,TC,TC,TC,TC,TC,TC,TC
AO524,CC,TC,TC,TC,AA,AA,GG,GG,TC,TC,TC,TC,TT,GG,AT,AT,AT,TG,TG,TA,TA,GG,TT,TT,TT,TT,TT,TT,TT,TT
PO524,CC,TC,TC,TC,AA,AA,GG,GG,CC,CC,TT,TT,TT,GG,AA,AA,AA,GG,GG,AA,AA,GG,TT,TT,TT,TT,TT,TT,TT,TT
AO528,CC,TC,TC,TC,AC,AG,GG,GG,TC,TC,TC,TC,TT,GG,AT,AT,AT,TG,TG,TA,TA,GG,TT,TT,TT,TT,TT,TT,TT,TT
PO528,TC,TT,CC,CC,AC,AG,AG,AG,TC,TC,CC,CC,TT,GG,AT,AT,AT,TG,TG,TA,TA,GG,TC,TC,TC,TT,TT,TT,TT,TT
AO529,CC,CC,TC,TC,AC,AG,AG,AG,TC,TC,CC,CC,TC,GG,AT,AT,AT,TG,TG,TA,TA,GG,TC,TC,TC,TT,TT,TT,TT,TT
BO529,CC,CC,TC,TC,AC,AG,AG,AG,TC,TC,TC,TC,TC,GG,AT,AT,AT,TG,TG,TA,TA,GG,TC,TC,TC,TT,TT,TT,TT,TT
AO536,CC,TC,TC,TC,CC,GG,GG,GG,CC,CC,CC,CC,TT,GG,AA,AA,AA,GG,GG,AA,AA,GG,TT,TT,TT,TT,TT,TT,TT,TT
PO536,CC,CC,TC,TC,AC,AG,AG,AG,TC,TC,TC,TC,TT,GG,AT,AT,AT,TG,TG,TA,TA,AG,TC,TC,TC,TT,TT,TT,TT,TT
SO536,CC,TT,CC,CC,CC,GG,GG,GG,TC,TC,TC,TC,TT,AG,AT,AT,AT,TG,TG,TA,TA,GG,TT,TT,TT,TT,TT,TT,TT,TT
AO537,CC,CC,CC,CC,AA,AA,AA,AA,TC,TC,TC,TC,TT,GG,AT,AT,AT,TG,TG,TA,TA,GG,CC,CC,CC,TT,TT,TT,TC,TC
PO537,CC,CC,CC,CC,AA,AA,AA,AA,CC,CC,TC,TC,TT,GG,AA,AA,AA,GG,GG,AA,AA,GG,CC,CC,CC,TT,TT,TT,TC,TC
SO537,CC,CC,CC,CC,AA,AA,AG,AG,TT,TT,TC,TC,TT,GG,TT,TT,TT,TT,TT,TT,TT,GG,TC,TC,TC,TC,TC,TC,TC,TC
AO538,CC,TC,TC,TC,AA,AA,GG,GG,TC,TC,CC,CC,TT,GG,AT,AT,AT,TG,TG,TA,TA,GG,TT,TT,TT,TT,TT,TT,TC,TC
PO538,CC,TC,TT,TT,AC,AG,GG,GG,TC,TC,TC,TC,TT,GG,AT,AT,AT,TG,TG,TA,TA,GG,TT,TT,TT,TT,TT,TT,TC,TC
SO538,TC,TC,CC,CC,AA,AA,GG,GG,TC,TC,CC,CC,TT,GG,AT,AT,AT,TG,TG,TA,TA,GG,TT,TT,TT,TC,TC,TC,TT,TT
AO539,CC,TC,CC,CC,AA,AA,GG,GG,TC,TC,CC,CC,TT,AG,AT,AT,AT,TG,TG,TA,TA,GG,TT,TT,TT,TT,TT,TT,TT,TT
PO539,CC,TC,CC,CC,AA,AA,GG,GG,TC,TC,CC,CC,TT,AG,AT,AT,AT,TG,TG,TA,TA,GG,TT,TT,TT,TT,TT,TT,TC,TC
SO539,CC,TC,CC,CC,AA,AA,GG,GG,TC,TC,TC,TC,TC,GG,AT,AT,AT,TG,TG,TA,TA,GG,TT,TT,TT,TT,TT,TT,TT,TT
AO540,CC,--,CC,CC,AC,AG,AG,AG,TT,TT,CC,CC,TT,AG,TT,TT,TT,TT,TT,TT,TT,GG,TC,TC,TC,TT,TT,TT,TC,TC
BO540,CC,CC,TC,TC,AA,AA,GG,GG,TC,TC,CC,CC,TT,AG,AT,AT,AT,TG,TG,TA,TA,GG,TT,TT,TT,TT,TT,TT,CC,CC
PO540,CC,CC,CC,CC,AC,AG,GG,GG,TC,TC,TC,TC,TT,GG,AT,AT,AT,TG,TG,TA,TA,GG,TT,TT,TT,TT,TT,TT,CC,CC
SO540,CC,TC,TC,TC,AA,AA,AG,AG,TC,TC,CC,CC,TT,AA,AT,AT,AT,TG,TG,TA,TA,GG,TC,TC,TC,TT,TT,TT,TC,TC
AO541,CC,TT,CC,CC,AC,AG,GG,GG,CC,CC,CC,CC,TT,GG,AA,AA,AA,GG,GG,AA,AA,GG,TT,TT,TT,TT,TT,TT,TT,TT
PO541,CC,TC,CC,CC,AA,AA,GG,GG,TC,TC,CC,CC,TT,GG,AT,AT,AT,TG,TG,TA,TA,GG,TT,TT,TT,TT,TT,TT,TT,TT
SO541,CC,TT,CC,CC,AC,AG,GG,GG,TC,TC,CC,CC,TT,GG,AT,AT,AT,TG,TG,TA,TA,GG,TT,TT,TT,TT,TT,TT,TT,TT
AO542,CC,TT,CC,CC,AC,AG,AG,AG,TC,TC,CC,CC,TT,GG,AT,AT,AT,TG,TG,TA,TA,GG,TC,TC,TC,TT,TT,TT,TC,TC
PO542,CC,TC,CC,CC,AA,AA,AG,AG,TC,TC,CC,CC,TT,GG,AT,AT,AT,TG,TG,TA,TA,GG,TC,TC,TC,TT,TT,TT,CC,CC
SO542,CC,TC,CC,CC,AC,AG,GG,GG,TC,TC,TC,TC,TT,GG,AT,AT,AT,TG,TG,TA,TA,GG,TT,TT,TT,TT,TT,TT,TT,TT
AO544,CC,TT,TC,TC,AA,AA,AG,AG,TT,TT,TC,TC,TT,GG,TT,TT,TT,TT,TT,TT,TT,GG,TT,TT,TT,TT,TT,TT,TC,TC
PO544,CC,TT,TC,TC,AA,AA,AG,AG,TC,TC,TC,TC,TT,GG,AT,AT,AT,TG,TG,TA,TA,GG,TT,TT,TT,TT,TT,TT,TC,TC
SO544,TC,TC,CC,CC,AA,AA,AA,AA,TC,TC,TC,TC,TT,GG,AT,AT,AT,TG,TG,TA,TA,GG,TC,TC,TC,TC,TC,TC,TT,TT
AO546,CC,TC,TC,TC,AC,AG,GG,GG,CC,CC,TT,TT,TT,GG,AA,AA,AA,GG,GG,AA,AA,GG,TT,TT,TT,TT,TT,TT,TC,TC
PO546,CC,TC,TC,TC,AC,AG,AG,AG,TC,TC,TT,TT,TT,GG,AT,AT,AT,TG,TG,TA,TA,GG,TC,TC,TC,TT,TT,TT,TC,TC
SO546,CC,TC,CC,CC,AA,AA,GG,GG,CC,CC,TT,TT,TT,GG,AA,AA,AA,GG,GG,AA,AA,GG,TT,TT,TT,TT,TT,TT,TC,TC
AO547,CC,TC,CC,CC,CC,GG,AG,AG,TT,TT,TT,TT,TT,GG,TT,TT,TT,TT,TT,TT,--,GG,TC,TC,TC,TT,TT,TT,TC,TC
PO547,CC,--,CC,CC,AC,AG,AG,AG,TT,TT,TC,TC,TT,GG,TT,TT,TT,TT,TT,TT,TT,GG,TC,TC,TC,TT,TT,TT,TT,TT
SO547,CC,TC,CC,CC,AC,AG,AG,AG,TT,TT,TC,TC,TT,GG,TT,TT,TT,TT,TT,TT,TT,GG,TC,TC,TC,TT,TT,TT,TC,TC
AO548,CC,TT,CC,CC,AC,AG,GG,GG,TT,TT,CC,CC,TT,GG,TT,TT,TT,TT,TT,TT,TT,GG,TT,TT,TT,CC,CC,CC,TC,TC
PO548,CC,TT,CC,CC,AA,AA,AG,AG,TC,TC,CC,CC,TT,GG,AT,AT,AT,TG,TG,TA,TA,GG,TC,TC,TC,TC,TC,TC,TT,TT
SO548,TC,TT,CC,CC,CC,GG,GG,GG,TC,TC,TC,TC,TT,GG,AT,AT,AT,TG,TG,TA,TA,GG,TT,TT,TT,TC,TC,TC,TC,TC
AO549,CC,CC,TC,TC,AA,AA,AG,AG,TT,TT,CC,CC,TT,GG,TT,TT,TT,TT,TT,TT,TT,GG,TC,TC,TC,TT,TT,TT,TT,TT
PO549,CC,TC,CC,CC,AA,AA,AG,AG,TC,TC,CC,CC,TT,GG,AT,AT,AT,TG,TG,TA,TA,GG,TC,TC,TC,TT,TT,TT,TT,TT
AO550,CC,TT,CC,CC,AC,AG,GG,GG,TT,TT,TC,TC,TT,GG,TT,TT,TT,TT,TT,TT,TT,GG,TT,TT,TT,TT,TT,TT,TC,TC
PO550,CC,TC,TC,TC,AA,AA,GG,GG,TT,TT,TC,TC,TT,GG,TT,TT,TT,TT,TT,TT,TT,GG,TT,TT,TT,TT,TT,TT,TC,TC
SO550,CC,TC,TC,TC,AC,AG,GG,GG,TC,TC,CC,CC,TT,GG,AT,AT,AT,TG,TG,TA,TA,GG,TT,TT,TT,TT,TT,TT,TC,TC
AO551,CC,TT,TT,TT,CC,GG,GG,GG,TC,TC,CC,CC,TT,GG,AT,AT,AT,TG,TG,TA,TA,GG,TT,TT,TT,TT,TT,TT,TT,TT
PO551,CC,TC,TC,TC,CC,GG,GG,GG,CC,CC,CC,CC,TT,GG,AA,AA,AA,GG,GG,AA,AA,GG,TT,TT,TT,TT,TT,TT,TT,TT
SO551,CC,TC,TC,TC,AC,AG,AG,AG,TT,TT,TC,TC,TT,GG,TT,TT,TT,TT,TT,TT,TT,GG,TC,TC,TC,TT,TT,TT,TC,TC
AO553,TC,CC,CC,CC,AA,AA,GG,GG,TT,TT,CC,CC,TT,GG,TT,TT,TT,TT,TT,TT,TT,GG,TT,TT,TT,TT,TT,TT,TT,TT
PO553,--,TC,CC,CC,AA,AA,GG,GG,TC,TC,CC,CC,TT,GG,AT,AT,AT,TG,TG,TA,TA,GG,TT,TT,TT,TT,TT,TT,TT,TT
SO553,CC,TC,CC,CC,AA,AA,GG,GG,TT,TT,CC,CC,TT,GG,TT,TT,TT,TT,TT,TT,TT,GG,TC,TC,TC,TT,TT,TT,TT,TT
AO555,CC,TT,CC,CC,AA,AA,AG,AG,CC,CC,TT,TT,TT,GG,AA,AA,AA,GG,GG,AA,AA,AG,TT,TT,TT,TT,TT,TT,TT,TT
BO555,CC,TT,CC,CC,AA,AA,AG,AG,CC,CC,TC,TC,TT,GG,AA,AA,AA,GG,GG,AA,AA,GG,TT,TT,TT,TT,TT,TT,TT,TT
PO555,CC,TT,CC,CC,AC,AG,GG,GG,TC,TC,TC,TC,TT,AG,AT,AT,AT,TG,TG,TA,TA,GG,TT,TT,TT,TT,TT,TT,TT,TT
SO555,CC,TT,CC,CC,AA,AA,AG,AG,TC,TC,TC,TC,TT,GG,AT,AT,AT,TG,TG,TA,TA,AG,TT,TT,TT,TT,TT,TT,TC,TC
AO560,CC,TC,CC,CC,AA,AA,AG,AG,CC,CC,TT,TT,TT,GG,AA,AA,AA,GG,GG,AA,AA,AG,TC,TC,TC,TC,TC,TC,TT,TT
PO560,CC,TC,CC,CC,AA,AA,GG,GG,TC,TC,TC,TC,TT,GG,AT,AT,AT,TG,TG,TA,TA,GG,TT,TT,TT,TC,TC,TC,TT,TT
SO560,CC,TC,CC,CC,AA,AA,AG,AG,TC,TC,TT,TT,TT,GG,AT,AT,AT,TG,TG,TA,TA,AG,TC,TC,TC,TT,TT,TT,TT,TT
AO561,CC,CC,CC,CC,AC,AG,GG,GG,TT,TT,CC,CC,TT,GG,TT,TT,TT,TT,TT,TT,TT,GG,TT,TT,TT,TC,TC,TC,TC,TC
PO561,CC,TC,CC,CC,AC,AG,GG,GG,TT,TT,TC,TC,TT,GG,TT,TT,TT,TT,TT,TT,TT,GG,TT,TT,TT,TT,TT,TT,TT,TT
SO561,CC,TC,CC,CC,AC,AG,GG,GG,TT,TT,CC,CC,TT,GG,TT,TT,TT,TT,TT,TT,TT,GG,TT,TT,TT,CC,CC,CC,TC,TC
AO565,CC,TC,TC,TC,AC,AG,AG,AG,TT,TT,TC,TC,TT,GG,TT,TT,TT,TT,TT,TT,TT,GG,TC,TC,TC,TT,TT,TT,TC,TC
PO565,CC,TC,CC,CC,AC,AG,GG,GG,TC,TC,CC,CC,TT,GG,AT,AT,AT,TG,TG,TA,TA,GG,TT,TT,TT,TT,TT,TT,TT,TT
AO568,CC,TT,TC,TC,AA,AA,AG,AG,TC,TC,CC,CC,TT,GG,AT,AT,AT,TG,TG,TA,TA,AG,TC,TC,TC,TC,TC,TC,TC,TC
PO568,CC,TC,TC,TC,AA,AA,AA,AA,TC,TC,CC,CC,TT,GG,AT,AT,AT,TG,TG,TA,TA,AG,CC,CC,CC,TT,TT,TT,TC,TC
AO573,CC,TC,TC,TC,CC,GG,AG,AG,TC,TC,TC,TC,TT,GG,AT,AT,AT,TG,TG,TA,TA,GG,TC,TC,TC,TT,TT,TT,TT,TT
PO573,CC,TC,CC,CC,CC,GG,AG,AG,TC,TC,TT,TT,TT,GG,AT,AT,AT,TG,TG,TA,TA,GG,TC,TC,TC,TT,TT,TT,TT,TT
AO576,CC,TC,CC,CC,AA,AA,AG,AG,TC,TC,CC,CC,TT,GG,AT,AT,AT,TG,TG,TA,TA,GG,TC,TC,TC,TC,TC,TC,TT,TT
BO576,--,TC,CC,CC,AA,AA,AG,AG,TC,TC,TC,TC,TT,GG,AT,AT,AT,TG,TG,TA,TA,AG,TC,TC,TC,TC,TC,TC,TT,TT
CO576,CC,TC,TC,TC,AA,AA,AG,AG,TT,TT,TC,TC,TT,GG,TT,TT,TT,TT,TT,TT,TT,AG,TC,TC,TC,TC,TC,TC,TC,TC
PO576,CC,CC,CC,CC,AA,AA,GG,GG,TT,TT,CC,CC,TT,GG,TT,TT,TT,TT,TT,TT,TT,AG,TT,TT,TT,TT,TT,TT,TC,TC
SO576,CC,TT,TC,TC,AA,AA,AG,AG,TC,TC,TC,TC,TT,GG,AT,AT,AT,TG,TG,TA,TA,GG,TC,TC,TC,TC,TC,TC,TT,TT
AO584,CC,CC,CC,CC,AA,AA,GG,GG,TC,TC,CC,CC,TT,GG,TT,TT,TT,TT,TT,TA,TA,GG,TT,TT,TT,TT,TT,TT,TT,TT
PO584,CC,TC,TC,TC,AC,AG,GG,GG,TC,TC,TC,TC,TT,GG,AT,AT,AT,TG,TG,TA,TA,AG,TT,TT,TT,TT,TT,TT,TT,TT
SO584,CC,TC,CC,CC,AC,AG,GG,GG,CC,CC,TC,TC,TT,AG,AT,AT,AT,TG,TG,AA,AA,GG,TT,TT,TT,TT,TT,TT,TT,TT
AO579,CC,TT,CC,CC,AC,AG,GG,GG,TC,TC,CC,CC,TT,GG,AA,AA,AA,GG,GG,TA,TA,GG,TC,TC,TC,TT,TT,TT,TT,TT
PO579,CC,TT,CC,CC,AC,AG,GG,GG,CC,CC,TC,TC,TT,GG,AA,AA,AA,GG,GG,AA,AA,GG,TT,TT,TT,TT,TT,TT,TT,TT
AO580,CC,TC,CC,CC,AA,AA,GG,GG,TC,TC,CC,CC,TT,GG,AT,AT,AT,TG,TG,TA,TA,GG,TT,TT,TT,TT,TT,TT,TT,TT
BO580,CC,TC,CC,CC,AA,AA,AG,AG,TC,TC,CC,CC,TT,GG,AT,AT,AT,TG,TG,TA,TA,GG,TC,TC,TC,TT,TT,TT,TT,TT
PO580,CC,TT,CC,CC,AC,AG,AG,AG,TC,TC,CC,CC,TT,GG,AT,AT,AT,TG,TG,TA,TA,GG,TC,TC,TC,TT,TT,TT,TT,TT
SO580,CC,TC,CC,CC,AA,AA,GG,GG,TT,TT,CC,CC,TT,GG,TT,TT,TT,TT,TT,TT,TT,GG,TT,TT,TT,TT,TT,TT,TT,TT
AO585,CC,TT,CC,CC,CC,GG,AG,AG,CC,CC,TC,TC,TT,GG,AA,AA,AA,GG,GG,AA,AA,GG,TC,TC,TC,TT,TT,TT,TT,TT
PO585,CC,TT,CC,CC,CC,GG,GG,GG,CC,CC,TT,TT,TT,GG,AA,AA,AA,GG,GG,AA,AA,AG,TT,TT,TT,TT,TT,TT,TC,TC
SO585,CC,TC,CC,CC,AC,AG,GG,GG,TT,TT,CC,CC,TT,GG,TT,TT,TT,TT,TT,TT,TT,GG,TT,TT,TT,TT,TT,TT,TT,TT
AO586,CC,TC,TT,TT,AC,AG,AG,AG,CC,CC,CC,CC,TT,GG,AA,AA,AA,GG,GG,AA,AA,GG,TT,TT,TT,TT,TT,TT,TT,TT
PO586,CC,CC,TC,TC,AC,AG,GG,GG,TC,TC,TC,TC,TT,GG,AT,AT,AT,TG,TG,TA,TA,GG,TT,TT,TT,TT,TT,TT,TT,TT
SO586,CC,TT,TC,TC,AA,AA,AG,AG,TC,TC,CC,CC,TT,GG,AT,AT,AT,TG,TG,TA,TA,GG,TT,TT,TT,TT,TT,TT,TT,TT
AO588,CC,TT,TT,TT,AC,AG,GG,GG,TC,TC,TC,TC,TT,GG,AT,AT,AT,TG,TG,TA,TA,AG,TT,TT,TT,TC,TC,TC,TC,TC
PO588,CC,TT,TT,TT,AC,AG,GG,GG,TT,TT,CC,CC,TT,GG,TT,TT,TT,TT,TT,TT,TT,GG,TT,TT,TT,TT,TT,TT,TT,TT
SO588,CC,TT,TC,TC,AA,AA,GG,GG,TC,TC,TC,TC,TT,GG,AT,AT,AT,TG,TG,TA,TA,AG,TT,TT,TT,TC,TC,TC,TC,TC
AO589,CC,TC,CC,CC,AA,AA,GG,GG,TC,TC,CC,CC,TT,GG,AT,AT,AT,TG,TG,TA,TA,GG,TT,TT,TT,TT,TT,TT,TT,TT
PO589,CC,TT,CC,CC,AA,AA,GG,GG,TT,TT,CC,CC,TT,GG,TT,TT,TT,TT,TT,TT,TT,GG,TT,TT,TT,TT,TT,TT,TT,TT
SO589,CC,CC,TC,TC,AC,AG,GG,GG,TC,TC,CC,CC,TT,GG,AT,AT,AT,TG,TG,TA,TA,GG,TC,TC,TC,TT,TT,TT,TT,TT
AO594,CC,TC,CC,CC,AC,AG,GG,GG,CC,CC,TC,TC,TT,GG,AA,AA,AA,GG,GG,AA,AA,AG,TT,TT,TT,TT,TT,TT,CC,CC
PO594,CC,TC,CC,CC,AC,AG,GG,GG,TC,TC,CC,CC,TT,GG,AT,AT,AT,TG,TG,TA,TA,AG,TT,TT,TT,TT,TT,TT,TC,TC
AO595,TC,TT,CC,CC,AA,AA,AG,AG,TT,TT,TC,TC,TT,GG,TT,TT,TT,TT,TT,TT,TT,GG,TC,TC,TC,TT,TT,TT,TT,TT
PO595,CC,TC,CC,CC,AC,AG,AA,AA,TT,TT,TC,TC,TT,GG,TT,TT,TT,TT,TT,TT,TT,GG,CC,CC,CC,TT,TT,TT,TT,TT
AO598,CC,--,CC,CC,AC,AG,GG,GG,TT,TT,TT,TT,TT,GG,TT,TT,TT,TT,TT,TT,TT,AG,TT,TT,TT,TT,TT,TT,CC,CC
PO598,CC,TC,CC,CC,AC,AG,GG,GG,TC,TC,TC,TC,TT,GG,AT,AT,AT,TG,TG,TA,TA,GG,TT,TT,TT,TT,TT,TT,TC,TC
AO600,CC,--,TC,TC,AC,AG,AG,AG,TT,TT,CC,CC,TT,AG,TT,TT,TT,TT,TT,TT,TT,GG,TC,TC,TC,TT,TT,TT,CC,CC
SO600,CC,TC,TC,TC,AC,AG,GG,GG,TC,TC,CC,CC,TT,GG,AT,AT,AT,TG,TG,TA,TA,GG,TT,TT,TT,TC,TC,TC,TC,TC
AO602,CC,TT,CC,CC,AC,AG,GG,GG,TC,TC,TT,TT,TT,GG,AT,AT,AT,TG,TG,TA,TA,GG,TT,TT,TT,TT,TT,TT,TC,TC
PO602,CC,TT,TC,TC,AA,AA,AG,AG,TC,TC,TC,TC,TT,GG,AT,AT,AT,TG,TG,TA,TA,GG,TC,TC,TC,TC,TC,TC,TC,TC
AO606,CC,TT,CC,CC,AC,AG,GG,GG,TT,TT,CC,CC,TT,GG,TT,TT,TT,TT,TT,TT,TT,GG,TT,TT,TT,TC,TC,TC,TT,TT
PO606,CC,TT,CC,CC,AC,AG,GG,GG,TC,TC,TC,TC,TT,GG,AT,AT,AT,TG,TG,TA,TA,GG,TT,TT,TT,TT,TT,TT,TT,TT
SO606,CC,TC,CC,CC,CC,GG,GG,GG,TC,TC,CC,CC,TT,GG,AT,AT,AT,TG,TG,TA,TA,GG,TT,TT,TT,TC,TC,TC,TT,TT
AO608,CC,TC,CC,CC,AA,AA,GG,GG,TC,TC,TT,TT,TC,GG,AT,AT,AT,TG,TG,TA,TA,GG,TT,TT,TT,TT,TT,TT,TT,TT
PO608,CC,TT,CC,CC,AC,AG,AG,AG,TT,TT,TC,TC,TC,GG,TT,TT,TT,TT,TT,TT,TT,GG,TC,TC,TC,TT,TT,TT,TT,TT
AO609,CC,--,TC,TC,AC,AG,AG,AG,CC,CC,TT,TT,TT,GG,AA,AA,AA,GG,GG,AA,AA,GG,TC,TC,TC,TT,TT,TT,TT,TT
BO609,CC,CC,TC,TC,AC,AG,AG,AG,TC,TC,TT,TT,TT,GG,AT,AT,AT,TG,TG,TA,TA,GG,TC,TC,TC,TT,TT,TT,TT,TT
SO609,CC,TC,CC,CC,AA,AA,GG,GG,TC,TC,TT,TT,TT,GG,AT,AT,AT,TG,TG,TA,TA,GG,TT,TT,TT,TT,TT,TT,TT,TT
AO612,CC,TC,CC,CC,AA,AA,GG,GG,TC,TC,TC,TC,TT,GG,AT,AT,AT,TG,TG,TA,TA,GG,TT,TT,TT,TT,TT,TT,TT,TT
PO612,TC,TT,CC,CC,AC,AG,GG,GG,CC,CC,CC,CC,TT,GG,AA,AA,AA,GG,GG,AA,AA,GG,TT,TT,TT,TT,TT,TT,TC,TC
SO612,CC,--,CC,CC,--,AA,GG,GG,TC,TC,TT,TT,TT,GG,AT,AT,AT,TG,TG,TA,TA,GG,TT,TT,TT,TT,TT,TT,TT,TT
AO613,TC,TT,CC,CC,AA,AA,GG,GG,TC,TC,CC,CC,TT,GG,AT,AT,AT,TG,TG,TA,TA,AG,TT,TT,TT,TT,TT,TT,TT,TT
BO613,TC,TT,CC,CC,AA,AA,AG,AG,TC,TC,CC,CC,TT,GG,AT,AT,AT,TG,TG,TA,TA,GG,TC,TC,TC,TT,TT,TT,TC,TC
PO613,TT,TC,CC,CC,AA,AA,GG,GG,CC,CC,TC,TC,TT,GG,AA,AA,AA,GG,GG,AA,AA,AG,TT,TT,TT,TT,TT,TT,TC,TC
SO613,CC,TT,CC,CC,AA,AA,AG,AG,TT,TT,CC,CC,TT,GG,TT,TT,TT,TT,TT,TT,TT,GG,TC,TC,TC,TT,TT,TT,TT,TT
AO614,CC,CC,CC,CC,AC,AG,AG,AG,TC,TC,TC,TC,TT,AG,AT,AT,AT,TG,TG,TA,TA,GG,TC,TC,TC,TT,TT,TT,TT,TT
PO614,CC,CC,CC,CC,AC,AG,AA,AA,CC,CC,CC,CC,TT,GG,AA,AA,AA,GG,GG,AA,AA,GG,CC,CC,CC,TT,TT,TT,TC,TC
AO615,CC,TT,CC,CC,CC,GG,AA,AA,TT,TT,CC,CC,TT,GG,TT,TT,TT,TT,TT,TT,TT,GG,CC,CC,CC,TT,TT,TT,TT,TT
PO615,CC,TT,CC,CC,CC,GG,AG,AG,TT,TT,CC,CC,TT,GG,TT,TT,TT,TT,TT,TT,TT,GG,TC,TC,TC,TT,TT,TT,TT,TT
SO615,CC,TT,CC,CC,CC,GG,AG,AG,TT,TT,CC,CC,TT,GG,TT,TT,TT,TT,TT,TT,TT,GG,TC,TC,TC,TT,TT,TT,TT,TT
AO618,CC,TC,CC,CC,AA,AA,GG,GG,TC,TC,TC,TC,TT,GG,AT,AT,AT,TG,TG,TA,TA,AG,TT,TT,TT,TT,TT,TT,TT,TT
PO618,CC,CC,TC,TC,AA,AA,AG,AG,TC,TC,TT,TT,TC,GG,AT,AT,AT,TG,TG,TA,TA,AG,TC,TC,TC,TT,TT,TT,TT,TT
SO618,CC,TT,CC,CC,AA,AA,GG,GG,TT,TT,CC,CC,TT,GG,TT,TT,TT,TT,TT,TT,TT,GG,TT,TT,TT,TT,TT,TT,TC,TC
AO620,CC,TT,CC,CC,AC,AG,GG,GG,TC,TC,TC,TC,TT,AG,AT,AT,AT,TG,TG,TA,TA,GG,TT,TT,TT,TT,TT,TT,TT,TT
PO620,CC,TC,CC,CC,AA,AA,AG,AG,TT,TT,TC,TC,TC,AG,TT,TT,TT,TT,TT,TT,TT,GG,TC,TC,TC,TT,TT,TT,TT,TT
SO620,CC,TT,CC,CC,CC,GG,GG,GG,CC,CC,CC,CC,TT,GG,AA,AA,AA,GG,GG,AA,AA,GG,TT,TT,TT,TT,TT,TT,TT,TT
AO621,CC,TT,CC,CC,AA,AA,AG,AG,TT,TT,CC,CC,TT,GG,TT,TT,TT,TT,TT,TT,TT,GG,TC,TC,TC,TT,TT,TT,TT,TT
PO621,CC,TT,TC,TC,AA,AA,GG,GG,TT,TT,TC,TC,TT,AG,TT,TT,TT,TT,TT,TT,TT,GG,TT,TT,TT,TT,TT,TT,TT,TT
AO622,CC,TT,TC,TC,AA,AA,AG,AG,CC,CC,CC,CC,TC,GG,AA,AA,AA,GG,GG,AA,AA,GG,TC,TC,TC,TT,TT,TT,TT,TT
BO622,CC,TT,CC,CC,AA,AA,GG,GG,TC,TC,TT,TT,TC,GG,AT,AT,AT,TG,TG,TA,TA,GG,TT,TT,TT,TT,TT,TT,TT,TT
PO622,CC,TC,CC,CC,AA,AA,GG,GG,TC,TC,TC,TC,TC,GG,AT,AT,AT,TG,TG,TA,TA,GG,TT,TT,TT,TT,TT,TT,TT,TT
SO622,CC,TT,TC,TC,AA,AA,AG,AG,CC,CC,TC,TC,TC,GG,AA,AA,AA,GG,GG,AA,AA,GG,TC,TC,TC,TT,TT,TT,TT,TT
AO630,CC,TC,CC,CC,CC,GG,GG,GG,TT,TT,TC,TC,TT,GG,TT,TT,TT,TT,TT,TT,TT,GG,TT,TT,TT,TT,TT,TT,TT,TT
PO630,CC,CC,TC,TC,AC,AG,AG,AG,TT,TT,CC,CC,TC,GG,AT,AT,AT,TT,TT,TT,TT,GG,TC,TC,TC,TT,TT,TT,TT,TT
AO633,CC,TC,CC,CC,AC,AG,AG,AG,TT,TT,TC,TC,TC,AG,TT,TT,TT,TT,TT,TT,TT,AG,TC,TC,TC,TC,TC,TC,TC,TC
BO633,CC,TT,CC,CC,AC,AG,GG,GG,TT,TT,TC,TC,TC,AG,TT,TT,TT,TT,TT,TT,TT,AG,TT,TT,TT,TT,TT,TT,TT,TT
PO633,CC,TT,CC,CC,AA,AA,AG,AG,TT,TT,TT,TT,TC,AG,TT,TT,TT,TT,TT,TT,TT,AG,TC,TC,TC,TC,TC,TC,TC,TC
SO633,CC,TC,CC,CC,CC,GG,GG,GG,TT,TT,CC,CC,TT,GG,TT,TT,TT,TT,TT,TT,TT,GG,TT,TT,TT,TT,TT,TT,TT,TT
AO637,CC,TC,CC,CC,AC,AG,GG,GG,CC,CC,CC,CC,TT,GG,AA,AA,AA,GG,GG,AA,AA,GG,TT,TT,TT,TT,TT,TT,TT,TT
PO637,CC,CC,CC,CC,AC,AG,AG,AG,TC,TC,CC,CC,TT,GG,AT,AT,AT,TG,TG,TA,TA,GG,TC,TC,TC,TC,TC,TC,TT,TT
BO640,CC,TT,CC,CC,AA,AA,GG,GG,TC,TC,TC,TC,TT,GG,AT,AT,AT,TG,TG,TA,TA,GG,TT,TT,TT,TT,TT,TT,TT,TT
PO640,CC,TC,CC,CC,AA,AA,GG,GG,TT,TT,TC,TC,TT,GG,TT,TT,TT,TT,TT,TT,TT,GG,TT,TT,TT,TT,TT,TT,TC,TC
AO643,CC,TT,CC,CC,CC,GG,AG,AG,TT,TT,TC,TC,TT,GG,TT,TT,TT,TT,TT,TT,TT,AG,TC,TC,TC,TT,TT,TT,TC,TC
PO643,--,TT,--,--,--,AG,AA,--,--,TC,--,TT,TT,--,--,--,--,TT,--,--,AA,AA,--,--,--,TT,--,--,TT,TT
SO643,CC,--,TC,TC,CC,GG,AG,AG,TT,TT,CC,CC,TT,GG,TT,TT,TT,TT,TT,TT,TT,AG,TC,TC,TC,TT,TT,TT,TC,TC
AO649,CC,TT,CC,CC,AC,AG,GG,GG,TC,TC,TC,TC,TT,GG,AT,AT,AT,TG,TG,TA,TA,GG,TT,TT,TT,TT,TT,TT,TC,TC
BO649,CC,TT,CC,CC,AA,AA,GG,GG,TC,TC,TC,TC,TT,GG,AT,AT,AT,TG,TG,TA,TA,GG,TT,TT,TT,TT,TT,TT,TC,TC
PO649,CC,TT,CC,CC,AC,AG,GG,GG,TT,TT,CC,CC,TT,GG,TT,TT,TT,TT,TT,TT,TT,GG,TT,TT,TT,TT,TT,TT,TT,TT
SO649,CC,TT,CC,CC,AA,AA,GG,GG,CC,CC,TC,TC,TT,GG,AA,AA,AA,GG,GG,AA,AA,GG,TT,TT,TT,TT,TT,TT,TC,TC
AO650,CC,TT,TC,TC,AC,AG,GG,GG,TT,TT,CC,CC,TT,GG,TT,TT,TT,TT,TT,TT,TT,AG,TT,TT,TT,TT,TT,TT,TT,TT
PO650,CC,TT,TT,TT,AC,AG,GG,GG,TC,TC,TC,TC,TT,GG,AT,AT,AT,TG,TG,TA,TA,GG,TT,TT,TT,TT,TT,TT,TT,TT
AO651,CC,CC,CC,CC,AC,AG,AG,AG,TC,TC,TC,TC,TT,AG,AT,AT,AT,TG,TG,TA,TA,GG,TC,TC,TC,TT,TT,TT,TC,TC
PO651,CC,CC,TC,TC,AC,AG,GG,GG,CC,CC,CC,CC,TT,AG,AA,AA,AA,GG,GG,AA,AA,GG,TT,TT,TT,TT,TT,TT,TT,TT
AO653,CC,TT,CC,CC,AC,AG,AG,AG,TC,TC,CC,CC,TT,GG,AT,AT,AT,TG,TG,TA,TA,AG,TC,TC,TC,TT,TT,TT,CC,CC
BO653,TC,TT,CC,CC,AC,AG,AG,AG,CC,CC,CC,CC,TT,GG,AA,AA,AA,GG,GG,AA,AA,GG,TC,TC,TC,TT,TT,TT,TC,TC
SO653,CC,TT,CC,CC,AC,AG,AG,AG,TC,TC,TC,TC,TT,GG,AT,AT,AT,TG,TG,TA,TA,GG,TC,TC,TC,TT,TT,TT,CC,CC
AO656,TC,TT,TC,TC,CC,GG,GG,GG,TT,TT,TC,TC,TT,GG,TT,TT,TT,TT,TT,TT,TT,GG,TC,TC,TC,TC,TC,TC,TT,TT
PO656,CC,TC,TC,TC,CC,GG,AG,AG,TT,TT,CC,CC,TT,GG,TT,TT,TT,TT,TT,TT,TT,GG,TC,TC,TC,TC,TC,TC,TT,TT
AO660,CC,TT,TC,TC,AC,AG,AG,AG,TC,TC,CC,CC,TT,GG,AT,AT,AT,TG,TG,TA,TA,GG,TC,TC,TC,TC,TC,TC,TT,TT
PO660,CC,TT,CC,CC,CC,GG,AG,AG,TT,TT,CC,CC,TT,GG,TT,TT,TT,TT,TT,TT,TT,GG,TC,TC,TC,TC,TC,TC,TT,TT
SO660,CC,TT,TC,TC,AC,AG,AG,AG,TC,TC,CC,CC,TT,GG,AT,AT,AT,TG,TG,TA,TA,GG,TC,TC,TC,TT,TT,TT,TC,TC
AO662,CC,TC,CC,CC,AC,AG,GG,GG,TT,TT,TC,TC,TT,GG,TT,TT,TT,TT,TT,TT,TT,GG,TT,TT,TT,TT,TT,TT,CC,CC
PO662,CC,TC,CC,CC,AA,AA,GG,GG,TT,TT,CC,CC,TT,GG,TT,TT,TT,TT,TT,TT,TT,GG,TT,TT,TT,TT,TT,TT,TC,TC
AO663,CC,CC,CC,CC,CC,GG,GG,GG,TC,TC,TC,TC,TT,GG,AT,AT,AT,TG,TG,TA,TA,GG,TT,TT,TT,TT,TT,TT,TT,TT
BO663,CC,CC,CC,CC,CC,GG,GG,GG,CC,CC,TC,TC,TT,GG,AA,AA,AA,GG,GG,AA,AA,GG,TT,TT,TT,TT,TT,TT,TT,TT
PO663,CC,TC,TC,TC,AC,AG,GG,GG,TC,TC,TT,TT,TT,GG,AT,AT,AT,TG,TG,TA,TA,GG,TT,TT,TT,TT,TT,TT,TT,TT
AO664,CC,CC,CC,CC,AC,AG,AA,AA,TC,TC,TC,TC,TT,GG,AT,AT,AT,TG,TG,TA,TA,GG,CC,CC,CC,TT,TT,TT,TT,TT
PO664,CC,CC,CC,CC,AA,AA,AA,AA,TT,TT,CC,CC,TT,GG,TT,TT,TT,TT,TT,TT,TT,GG,TC,TC,TC,TT,TT,TT,TT,TT
BO666,CC,TC,CC,CC,AC,AG,GG,GG,TC,TC,CC,CC,TC,GG,AT,AT,AT,TG,TG,TA,TA,AG,TT,TT,TT,TC,TC,TC,TT,TT
PO666,CC,TT,CC,CC,AA,AA,GG,GG,CC,CC,TC,TC,TT,GG,AA,AA,AA,GG,GG,AA,AA,GG,TT,TT,TT,TT,TT,TT,TT,TT
SO666,TC,TC,CC,CC,AC,AG,GG,GG,TC,TC,CC,CC,TC,GG,AT,AT,AT,TG,TG,TA,TA,AA,TT,TT,TT,TC,TC,TC,TT,TT
AO673,CC,TC,CC,CC,AC,AG,GG,GG,CC,CC,CC,CC,TT,GG,AA,AA,AA,GG,GG,AA,AA,GG,TT,TT,TT,TT,TT,TT,TC,TC
PO673,CC,TT,CC,CC,AC,AG,GG,GG,CC,CC,CC,CC,TT,GG,AA,AA,AA,GG,GG,AA,AA,GG,TT,TT,TT,TT,TT,TT,TC,TC
AO680,CC,--,CC,CC,AA,AA,AG,AG,TT,TT,CC,CC,TT,GG,TT,TT,TT,TT,TT,TT,TT,GG,TC,TC,TC,TT,TT,TT,TT,TT
PO680,TC,TC,CC,CC,AC,AG,GG,GG,TC,TC,CC,CC,TT,GG,AT,AT,AT,TG,TG,TA,TA,GG,TT,TT,TT,TT,TT,TT,TT,TT
SO680,CC,TC,CC,CC,AC,AG,AA,AA,TT,TT,TC,TC,TT,GG,TT,TT,TT,TT,TT,TT,TT,GG,CC,CC,CC,TT,TT,TT,TT,TT
AO681,CC,--,CC,CC,AA,AA,GG,GG,TT,TT,TC,TC,TT,GG,TT,TT,TT,TT,TT,TT,TT,GG,TT,TT,TT,TT,TT,TT,TT,TT
PO681,CC,TT,CC,CC,AC,AG,AG,AG,TT,TT,TC,TC,TT,GG,TT,TT,TT,TT,TT,TT,TT,GG,TC,TC,TC,TT,TT,TT,TT,TT
AO683,CC,TT,TC,TC,AC,AG,GG,GG,CC,CC,CC,CC,TT,GG,AA,AA,AA,GG,GG,AA,AA,GG,TT,TT,TT,TT,TT,TT,TT,TT
PO683,CC,TT,CC,CC,AC,AG,GG,GG,TC,TC,CC,CC,TT,GG,AT,AT,AT,TG,TG,TA,TA,GG,TT,TT,TT,TC,TC,TC,TC,TC
SO683,CC,TC,TT,TT,AC,AG,GG,GG,TC,TC,TC,TC,TT,GG,AT,AT,AT,TG,TG,TA,TA,GG,TT,TT,TT,TT,TT,TT,TT,TT
AO685,CC,TT,CC,CC,CC,GG,GG,GG,TC,TC,CC,CC,TT,GG,AT,AT,AT,TG,TG,TA,TA,GG,TT,TT,TT,TT,TT,TT,CC,CC
BO685,CC,TT,CC,CC,CC,GG,AG,AG,TC,TC,TC,TC,TT,GG,AT,AT,AT,TG,TG,TA,TA,GG,TC,TC,TC,TT,TT,TT,CC,CC
PO685,CC,TT,CC,CC,CC,GG,AG,AG,CC,CC,TC,TC,TT,GG,AA,AA,AA,GG,GG,AA,AA,GG,TC,TC,TC,TT,TT,TT,CC,CC
SO685,TC,--,CC,CC,CC,GG,GG,GG,TT,TT,TC,TC,TT,GG,TT,TT,TT,TT,TT,TT,TT,GG,TT,TT,TT,TT,TT,TT,CC,CC
AO688,CC,TC,CC,CC,AC,AG,AA,AA,TC,TC,TC,TC,TT,GG,AT,AT,AT,TG,TG,TA,TA,GG,CC,CC,CC,TT,TT,TT,TT,TT
PO688,CC,TT,CC,CC,CC,GG,AA,AA,TT,TT,TC,TC,TT,GG,TT,TT,TT,TT,TT,TT,TT,GG,CC,CC,CC,TT,TT,TT,TT,TT
SO688,CC,TC,CC,CC,AA,AA,AA,AA,CC,CC,CC,CC,TT,GG,AA,AA,AA,GG,GG,AA,AA,GG,CC,CC,CC,TT,TT,TT,TC,TC
AO689,TC,TC,TC,TC,AA,AA,AG,AG,CC,CC,TC,TC,TT,GG,AA,AA,AA,GG,GG,AA,AA,GG,TC,TC,TC,TT,TT,TT,TC,TC
PO689,CC,TC,TC,TC,AC,AG,AA,AA,CC,CC,TC,TC,TT,GG,AA,AA,AA,GG,GG,AA,AA,GG,CC,CC,CC,TT,TT,TT,TC,TC
AO690,CC,TC,CC,CC,CC,GG,GG,GG,TT,TT,TT,TT,TT,GG,TT,TT,TT,TT,TT,TT,TT,GG,TT,TT,TT,TT,TT,TT,TC,TC
PO690,CC,CC,CC,CC,AC,AG,AG,AG,TT,TT,TC,TC,TT,GG,TT,TT,TT,TT,TT,TT,TT,GG,TC,TC,TC,TT,TT,TT,TC,TC
SO690,CC,TC,CC,CC,AC,AG,AG,AG,TT,TT,TT,TT,TT,GG,TT,TT,TT,TT,TT,TT,TT,GG,TC,TC,TC,TT,TT,TT,TC,TC
AO697,CC,CC,CC,CC,AC,AG,AG,AG,TC,TC,TT,TT,TT,GG,AT,AT,AT,TG,TG,TA,TA,GG,TC,TC,TC,TT,TT,TT,TC,TC
PO697,CC,CC,CC,CC,AA,AA,AG,AG,TT,TT,TC,TC,TC,GG,TT,TT,TT,TT,TT,TT,TT,AG,TC,TC,TC,TT,TT,TT,CC,CC
SO697,CC,CC,CC,CC,AC,AG,AG,AG,CC,CC,TC,TC,TT,GG,AA,AA,AA,GG,GG,AA,AA,GG,TC,TC,TC,TT,TT,TT,TT,TT
AO700,CC,TT,TC,TC,AC,AG,GG,GG,CC,CC,TC,TC,TT,GG,AA,AA,AA,GG,GG,AA,AA,GG,TT,TT,TT,TT,TT,TT,TC,TC
PO700,CC,TT,TC,TC,AC,AG,GG,GG,TC,TC,TT,TT,TT,GG,AT,AT,AT,TG,TG,TA,TA,GG,TT,TT,TT,TT,TT,TT,TT,TT
SO700,CC,TC,TC,TC,AC,AG,AG,AG,CC,CC,CC,CC,TT,GG,AA,AA,AA,GG,GG,AA,AA,GG,TC,TC,TC,TT,TT,TT,TC,TC
AO701,CC,--,CC,CC,AA,AA,AG,AG,TC,TC,TC,TC,TC,GG,AT,AT,AT,TG,TG,TA,TA,GG,TC,TC,TC,TT,TT,TT,TT,TT
PO701,CC,TC,CC,CC,AA,AA,GG,GG,TT,TT,CC,CC,TT,GG,TT,TT,TT,TT,TT,TT,TT,GG,TT,TT,TT,TT,TT,TT,TC,TC
SO701,CC,--,CC,CC,AC,AG,AG,AG,CC,CC,TC,TC,TC,GG,AA,AA,AA,GG,GG,AA,AA,GG,TC,TC,TC,TT,TT,TT,TT,TT
AO703,CC,TT,CC,CC,CC,GG,GG,GG,TT,TT,TC,TC,TT,GG,TT,TT,TT,TT,TT,TT,TT,GG,TT,TT,TT,TC,TC,TC,TT,TT
BO703,CC,TT,CC,CC,AC,AG,AG,AG,TT,TT,TT,TT,TT,GG,TT,TT,TT,TT,TT,TT,TT,GG,TC,TC,TC,TT,TT,TT,TT,TT
PO703,CC,TT,CC,CC,AC,AG,GG,GG,TT,TT,TT,TT,TT,GG,TT,TT,TT,TT,TT,TT,TT,GG,TT,TT,TT,TC,TC,TC,TT,TT
AO705,CC,TC,CC,CC,AA,AA,GG,GG,TC,TC,CC,CC,TT,GG,AT,AT,AT,TG,TG,TA,TA,GG,TT,TT,TT,TT,TT,TT,TT,TT
PO705,CC,TC,CC,CC,AA,AA,AG,AG,TC,TC,CC,CC,TT,GG,AT,AT,AT,TG,TG,TA,TA,GG,TT,TT,TT,TT,TT,TT,TC,TC
SO705,CC,TC,CC,CC,AA,AA,GG,GG,CC,CC,TC,TC,TT,GG,AA,AA,AA,GG,GG,AA,AA,GG,TT,TT,TT,TT,TT,TT,TT,TT
AO706,TC,TT,CC,CC,AC,AG,GG,GG,TT,TT,TC,TC,TT,GG,TT,TT,TT,TT,TT,TT,TT,GG,TT,TT,TT,TC,TC,TC,TC,TC
PO706,TC,TT,CC,CC,AC,AG,GG,GG,TC,TC,CC,CC,TT,GG,AT,AT,AT,TG,TG,TA,TA,GG,TT,TT,TT,TT,TT,TT,CC,CC
AO707,--,TT,TC,TC,AC,AG,AG,AG,TT,TT,TC,TC,TT,GG,TT,TT,TT,TT,TT,TT,TT,GG,TT,TT,TT,TT,TT,TT,TT,TT
PO707,TC,TT,TC,TC,AC,AG,AG,AG,TT,TT,TT,TT,TC,GG,TT,TT,TT,TT,TT,TT,TT,GG,TC,TC,TC,TT,TT,TT,TT,TT
AO710,TC,TC,CC,CC,AC,AG,GG,GG,CC,CC,CC,CC,TT,GG,AA,AA,AA,GG,GG,AA,AA,GG,TT,TT,TT,TT,TT,TT,TT,TT
PO710,TC,TT,CC,CC,AC,AG,AG,AG,CC,CC,TC,TC,TT,GG,AT,AT,AT,TG,TG,AA,AA,GG,TC,TC,TC,TT,TT,TT,TC,TC
SO710,CC,CC,CC,CC,CC,GG,GG,GG,CC,CC,CC,CC,TT,GG,AA,AA,AA,GG,GG,AA,AA,GG,TT,TT,TT,TT,TT,TT,TC,TC
AO717,CC,TC,CC,CC,AA,AA,GG,GG,CC,CC,TC,TC,TT,GG,AA,AA,AA,GG,GG,AA,AA,AG,TT,TT,TT,TT,TT,TT,TT,TT
PO717,TC,TC,CC,CC,AA,AA,AG,AG,CC,CC,TC,TC,TT,GG,AA,AA,AA,GG,GG,AA,AA,GG,TC,TC,TC,TT,TT,TT,TT,TT
SO717,CC,TC,CC,CC,AA,AA,GG,GG,TC,TC,CC,CC,TT,GG,AT,AT,AT,TG,TG,TA,TA,AG,TT,TT,TT,TT,TT,TT,TT,TT
AO719,TC,CC,CC,CC,AC,AG,GG,GG,TT,TT,TC,TC,TT,GG,TT,TT,TT,TT,TT,TT,TT,GG,TT,TT,TT,TT,TT,TT,TT,TT
PO719,CC,TC,CC,CC,AC,AG,GG,GG,TC,TC,TC,TC,TT,GG,AT,AT,AT,TG,TG,TA,TA,AG,TT,TT,TT,TT,TT,TT,TC,TC
BO721,CC,TC,CC,CC,AC,AG,GG,GG,TC,TC,CC,CC,TT,GG,AT,AT,AT,TG,TG,TA,TA,GG,TT,TT,TT,TT,TT,TT,TC,TC
PO721,CC,TT,CC,CC,AC,AG,AG,AG,TC,TC,CC,CC,TC,GG,AT,AT,AT,TG,TG,TA,TA,AG,TC,TC,TC,TT,TT,TT,TT,TT
SO721,CC,TC,CC,CC,AA,AA,GG,GG,CC,CC,CC,CC,TT,GG,AA,AA,AA,GG,GG,AA,AA,GG,TT,TT,TT,TT,TT,TT,TC,TC
AO722,CC,--,CC,CC,AC,AG,AA,AA,TC,TC,TC,TC,TT,GG,AT,AT,AT,TG,TG,TA,TA,GG,TC,TC,TC,TT,TT,TT,TT,TT
SO722,CC,--,CC,CC,AC,AG,AA,AA,TC,TC,CC,CC,TT,AG,AT,AT,AT,TG,TG,TA,TA,GG,TC,TC,TC,TT,TT,TT,TT,TT
AO728,TC,CC,CC,CC,AC,AG,GG,GG,TC,TC,CC,CC,TT,GG,AT,AT,AT,TG,TG,TA,TA,GG,TT,TT,TT,TT,TT,TT,TT,TT
BO728,--,TC,TC,TC,AA,AA,GG,GG,TT,TT,CC,CC,TT,GG,TT,TT,TT,TT,TT,TT,TT,GG,TC,TC,TC,TT,TT,TT,TC,TC
PO728,TC,CC,TC,TC,AC,AG,GG,GG,TC,TC,TC,TC,TT,GG,AT,AT,AT,TG,TG,TA,TA,GG,TT,TT,TT,TT,TT,TT,TC,TC
AO734,TC,TC,CC,CC,AC,AG,GG,GG,TC,TC,CC,CC,TT,GG,AT,AT,AT,TG,TG,TA,TA,GG,TT,TT,TT,TT,TT,TT,TT,TT
BO734,TC,TT,CC,CC,AC,AG,GG,GG,TC,TC,CC,CC,TT,GG,AT,AT,AT,TG,TG,TA,TA,GG,TT,TT,TT,TT,TT,TT,TC,TC
PO734,CC,CC,TC,TC,AC,AG,GG,GG,TC,TC,CC,CC,TT,GG,AT,AT,AT,TG,TG,TA,TA,GG,TT,TT,TT,TT,TT,TT,TT,TT
AO736,CC,TT,CC,CC,AC,AG,AG,AG,TC,TC,CC,CC,TT,GG,AT,AT,AT,TG,TG,TA,TA,GG,TC,TC,TC,TT,TT,TT,TC,TC
PO736,CC,TT,CC,CC,CC,GG,AA,AA,TT,TT,CC,CC,TC,GG,TT,TT,TT,TT,TT,TT,TT,GG,TC,TC,TC,TT,TT,TT,TC,TC
SO736,CC,--,CC,CC,AA,AA,AG,AG,CC,CC,TC,TC,TT,GG,AA,AA,AA,GG,GG,AA,AA,GG,TC,TC,TC,TT,TT,TT,TT,TT
AO738,CC,TC,CC,CC,AC,AG,GG,GG,TT,TT,CC,CC,TT,GG,TT,TT,TT,TT,TT,TT,TT,GG,TC,TC,TC,TT,TT,TT,TT,TT
PO738,CC,TT,CC,CC,AC,AG,GG,GG,TT,TT,CC,CC,TT,GG,TT,TT,TT,TT,TT,TT,TT,GG,TT,TT,TT,TT,TT,TT,TT,TT
SO738,CC,TC,CC,CC,AA,AA,GG,GG,TT,TT,CC,CC,TT,GG,TT,TT,TT,TT,TT,TT,TT,GG,TC,TC,TC,TT,TT,TT,TT,TT
AO741,CC,TT,TC,TC,CC,GG,GG,GG,TT,TT,TC,TC,TT,AG,TT,TT,TT,TT,TT,TT,TT,GG,TT,TT,TT,TT,TT,TT,TC,TC
PO741,CC,TT,TT,TT,AC,AG,GG,GG,TT,TT,TT,TT,TT,GG,TT,TT,TT,TT,TT,TT,TT,GG,TT,TT,TT,TT,TT,TT,TC,TC
SO741,CC,--,TC,TC,CC,GG,AG,AG,TT,TT,TC,TC,TT,AG,TT,TT,TT,TT,TT,TT,TT,GG,TC,TC,TC,TT,TT,TT,TC,TC
AO744,TC,TC,CC,CC,AA,AA,AG,AG,TC,TC,CC,CC,TT,GG,AT,AT,AT,TG,TG,TA,TA,GG,TC,TC,TC,TT,TT,TT,TC,TC
BO744,CC,TC,CC,CC,AA,AA,AG,AG,TC,TC,CC,CC,TC,GG,AT,AT,AT,TG,TG,TA,TA,GG,TC,TC,TC,TT,TT,TT,TC,TC
PO744,TC,TC,CC,CC,AC,AG,AA,AA,CC,CC,CC,CC,TT,GG,AA,AA,AA,GG,GG,AA,AA,GG,CC,CC,CC,TT,TT,TT,CC,CC
AO752,CC,TC,CC,CC,CC,GG,GG,GG,CC,CC,CC,CC,TT,GG,AA,AA,AA,GG,GG,AA,AA,GG,TT,TT,TT,TT,TT,TT,TT,TT
BO752,CC,TT,CC,CC,CC,GG,AG,AG,CC,CC,CC,CC,TT,GG,AA,AA,AA,GG,GG,AA,AA,GG,TC,TC,TC,TT,TT,TT,TT,TT
PO752,CC,TT,CC,CC,AC,AG,GG,GG,TC,TC,CC,CC,TT,AG,AT,AT,AT,TG,TG,TA,TA,GG,TT,TT,TT,TT,TT,TT,TT,TT
AO758,TC,TC,CC,CC,AC,AG,AG,AG,TC,TC,TT,TT,TT,GG,AT,AT,AT,TG,TG,TA,TA,GG,TT,TT,TT,TT,TT,TT,TC,TC
PO758,CC,TC,CC,CC,AC,AG,AG,AG,TT,TT,TC,TC,TT,GG,TT,TT,TT,TT,TT,TT,TT,GG,TT,TT,TT,TT,TT,TT,CC,CC
SO758,CC,TC,CC,CC,AC,AG,GG,GG,TC,TC,TC,TC,TT,GG,AT,AT,AT,TG,TG,TA,TA,GG,TT,TT,TT,TT,TT,TT,TT,TT
AO767,CC,TC,CC,CC,AA,AA,GG,GG,TT,TT,TC,TC,TT,GG,TT,TT,TT,TT,TT,TT,TT,GG,TT,TT,TT,TT,TT,TT,TC,TC
PO767,CC,TT,CC,CC,AA,AA,GG,GG,TT,TT,CC,CC,TT,GG,TT,TT,TT,TT,TT,TT,TT,GG,TT,TT,TT,TT,TT,TT,TC,TC
AO768,CC,TC,CC,CC,AC,AG,GG,GG,TC,TC,TC,TC,TT,GG,AT,AT,AT,TG,TG,TA,TA,GG,TT,TT,TT,TT,TT,TT,TC,TC
BO768,TC,TT,CC,CC,AC,AG,GG,GG,TC,TC,TC,TC,TT,GG,TT,TT,TT,TT,TT,TA,TA,GG,TT,TT,TT,TT,TT,TT,TC,TC
PO768,CC,TT,TC,TC,CC,GG,GG,GG,TC,TC,CC,CC,TT,GG,AT,AT,AT,TG,TG,TA,TA,GG,TT,TT,TT,TT,TT,TT,TT,TT
AO770,CC,TT,CC,CC,AC,AG,AA,AA,TC,TC,TC,TC,TT,GG,AT,AT,AT,TG,TG,TA,TA,GG,CC,CC,CC,TC,TC,TC,TT,TT
BO770,CC,TT,CC,CC,--,AG,AG,AG,TC,TC,TC,TC,TT,GG,AT,AT,AT,TG,TG,TA,TA,GG,TC,TC,TC,TC,TC,TC,TC,TC
PO770,CC,TT,CC,CC,CC,GG,AG,AG,CC,CC,TT,TT,TT,GG,AA,AA,AA,GG,GG,AA,AA,GG,TC,TC,TC,TC,TC,TC,TT,TT
SO770,CC,TT,CC,CC,AC,AG,AG,AG,TT,TT,TC,TC,TT,GG,TT,TT,TT,TT,TT,TT,TT,GG,TC,TC,TC,TT,TT,TT,TC,TC
AO772,TC,TC,CC,CC,CC,GG,AG,AG,TT,TT,TT,TT,TC,GG,AT,AT,AT,TG,TG,TT,TT,GG,TT,TT,TT,TT,TT,TT,TT,TT
PO772,CC,TT,CC,CC,CC,GG,AG,AG,TT,TT,TT,TT,TT,GG,AT,AT,AT,TG,TG,TT,TT,GG,TT,TT,TT,TT,TT,TT,TT,TT
SO772,TC,TC,TC,TC,AC,AG,GG,GG,TT,TT,TT,TT,TC,GG,AA,AA,AA,GG,GG,TT,TT,GG,TT,TT,TT,TT,TT,TT,TT,TT
AO775,CC,TT,CC,CC,CC,GG,AG,AG,TC,TC,TC,TC,TT,GG,AT,AT,AT,TG,TG,TA,TA,GG,TC,TC,TC,TT,TT,TT,TT,TT
PO775,CC,TT,CC,CC,AC,AG,AG,AG,TT,TT,CC,CC,TT,GG,TT,TT,TT,TT,TT,TT,TT,GG,TC,TC,TC,TT,TT,TT,TT,TT
SO775,CC,TT,CC,CC,AC,AG,GG,GG,TC,TC,TC,TC,TT,GG,AT,AT,AT,TG,TG,TA,TA,GG,TT,TT,TT,TT,TT,TT,TC,TC
AO774,CC,TC,CC,CC,AA,AA,AG,AG,CC,CC,CC,CC,TT,GG,AA,AA,AA,GG,GG,AA,AA,GG,TC,TC,TC,TC,TC,TC,TC,TC
PO774,CC,TT,CC,CC,AA,AA,AG,AG,CC,CC,CC,CC,TT,AG,AA,AA,AA,GG,GG,AA,AA,GG,TC,TC,TC,TT,TT,TT,TC,TC
PO064,CC,TC,CC,CC,CC,GG,AG,AG,TC,TC,CC,CC,TT,GG,AT,AT,AT,TG,TG,TA,TA,GG,TC,TC,TC,TT,TT,TT,TT,TT
AO064,CC,TC,CC,CC,AC,AG,GG,GG,TT,TT,CC,CC,TC,GG,TT,TT,TT,TT,TT,TT,TT,GG,TT,TT,TT,TC,TC,TC,TC,TC
PO141,TC,TT,CC,CC,AC,AG,AG,AG,TC,TC,TC,TC,TC,GG,AT,AT,AT,TG,TG,TA,TA,GG,TC,TC,TC,TT,TT,TT,TT,TT
AO141,TT,TC,CC,CC,AA,AA,AA,AA,CC,CC,TC,TC,TC,AG,AA,AA,AA,GG,GG,AA,AA,AG,CC,CC,CC,TT,TT,TT,TT,TT
SO143,CC,TT,TC,TC,AC,AG,GG,GG,TC,TC,TT,TT,TT,GG,AT,AT,AT,TG,TG,TA,TA,GG,TC,TC,TC,TT,TT,TT,TC,TC
AO143,CC,TC,CC,CC,AC,AG,AG,AG,CC,CC,TT,TT,TT,GG,AA,AA,AA,GG,GG,AA,AA,GG,CC,CC,CC,TT,TT,TT,TT,TT
PO069,CC,CC,CC,CC,AC,AG,GG,GG,TT,TT,TC,TC,TT,GG,TT,TT,TT,TT,TT,TT,TT,GG,TT,TT,TT,TT,TT,TT,TT,TT
SO069,CC,TT,CC,CC,CC,GG,GG,GG,CC,CC,CC,CC,TT,GG,AA,AA,AA,GG,GG,AA,AA,GG,TC,TC,TC,TC,TC,TC,CC,CC
AO069,CC,TC,CC,CC,AC,AG,GG,GG,TC,TC,CC,CC,TT,GG,AT,AT,AT,TG,TG,TA,TA,GG,TC,TC,TC,TT,TT,TT,TC,TC
PO133,CC,TC,CC,CC,AC,AG,AG,AG,CC,CC,TC,TC,TT,GG,AA,AA,AA,GG,GG,AA,AA,GG,TC,TC,TC,TT,TT,TT,TT,TT
AO133,CC,CC,TC,TC,AA,AA,AG,AG,TC,TC,CC,CC,TT,GG,AT,AT,AT,TG,TG,TA,TA,GG,TC,TC,TC,TT,TT,TT,CC,CC
PO105,TC,TT,CC,CC,CC,GG,AG,AG,TT,TT,TC,TC,TT,GG,TT,TT,TT,TT,TT,TT,TT,GG,TT,TT,TT,TT,TT,TT,TT,TT
BO105,CC,TT,TC,TC,CC,GG,AG,AG,TC,TC,TC,TC,TT,GG,AT,AT,AT,TG,TG,TA,TA,GG,TT,TT,TT,TT,TT,TT,TT,TT
PO200,TC,TT,TC,TC,AA,AA,GG,GG,CC,CC,CC,CC,TT,AG,AA,AA,AA,GG,GG,AA,AA,GG,TT,TT,TT,TC,TC,TC,TT,TT
AO200,CC,TT,TC,TC,AA,AA,AG,AG,CC,CC,CC,CC,TT,GG,AA,AA,AA,GG,GG,AA,AA,GG,TC,TC,TC,TT,TT,TT,TT,TT
PO104,TC,TC,TC,TC,AA,AA,GG,GG,CC,CC,TC,TC,TT,GG,AA,AA,AA,GG,GG,AA,AA,AG,TT,TT,TT,TT,TT,TT,TT,TT
SO104,CC,TT,TC,TC,CC,GG,GG,GG,TT,TT,TT,TT,TT,GG,TT,TT,TT,TT,TT,TT,TT,GG,TT,TT,TT,TT,TT,TT,TT,TT
AO104,CC,TC,TC,TC,AC,AG,GG,GG,TC,TC,TT,TT,TT,GG,AT,AT,AT,TG,TG,TA,TA,GG,TT,TT,TT,TT,TT,TT,TT,TT
PO095,CC,TT,TT,TT,AC,AG,AG,AG,CC,CC,CC,CC,TT,GG,AA,AA,AA,GG,GG,AA,AA,GG,TC,TC,TC,TT,TT,TT,CC,CC
AO095,CC,TT,TC,TC,AC,AG,GG,GG,TC,TC,CC,CC,TT,GG,AT,AT,AT,TG,TG,TA,TA,GG,TT,TT,TT,TT,TT,TT,TC,TC
PO117,CC,TC,CC,CC,AC,AG,AG,AG,TC,TC,TC,TC,CC,GG,AT,AT,AT,TG,TG,TA,TA,GG,TC,TC,TC,TC,TC,TC,TT,TT
SO117,CC,TC,CC,CC,AC,AG,GG,GG,CC,CC,TC,TC,TT,GG,AA,AA,AA,GG,GG,AA,AA,GG,TT,TT,TT,TT,TT,TT,TT,TT
AO117,CC,TC,CC,CC,AC,AG,AG,AG,TC,TC,TC,TC,TC,GG,AT,AT,AT,TG,TG,TA,TA,GG,TC,TC,TC,TT,TT,TT,TT,TT
PO098,CC,TT,CC,CC,CC,GG,AG,AG,CC,CC,TC,TC,TT,GG,AA,AA,AA,GG,GG,AA,AA,GG,TC,TC,TC,CC,CC,CC,TC,TC
SO098,CC,TT,CC,CC,AC,AG,GG,GG,TT,TT,TC,TC,TT,GG,TT,TT,TT,TT,TT,TT,TT,GG,TT,TT,TT,TC,TC,TC,CC,CC
AO098,CC,TT,CC,CC,CC,GG,GG,GG,TC,TC,TC,TC,TT,GG,AT,AT,AT,TG,TG,TA,TA,GG,TT,TT,TT,CC,CC,CC,TC,TC
PO126,CC,TT,CC,CC,AC,AG,GG,GG,TC,TC,CC,CC,TT,AG,AT,AT,AT,TG,TG,TA,TA,GG,TT,TT,TT,TT,TT,TT,TT,TT
AO126,CC,TC,CC,CC,AA,AA,GG,GG,TC,TC,CC,CC,TT,GG,AT,AT,AT,TG,TG,TA,TA,GG,TT,TT,TT,TT,TT,TT,TT,TT
PO206,CC,TC,CC,CC,CC,GG,GG,GG,TT,TT,CC,CC,TT,GG,TT,TT,TT,TT,TT,TT,TT,GG,TT,TT,TT,TC,TC,TC,TT,TT
AO206,CC,TC,CC,CC,AC,AG,GG,GG,TT,TT,TC,TC,TT,GG,TT,TT,TT,TT,TT,TT,TT,GG,TT,TT,TT,TT,TT,TT,TT,TT
PO076,CC,TT,CC,CC,AC,AG,AG,AG,TT,TT,CC,CC,TT,GG,TT,TT,TT,TT,TT,TT,TT,GG,TT,TT,TT,TT,TT,TT,TC,TC
SO076,CC,TT,TC,TC,AC,AG,AG,AG,CC,CC,TC,TC,TT,GG,AA,AA,AA,GG,GG,AA,AA,GG,TC,TC,TC,TT,TT,TT,TT,TT
AO076,CC,TT,CC,CC,CC,GG,GG,GG,TC,TC,TC,TC,TT,GG,AT,AT,AT,TG,TG,TA,TA,GG,TT,TT,TT,TT,TT,TT,TC,TC
SO088,CC,TC,CC,CC,AA,AA,GG,GG,TC,TC,CC,CC,TT,GG,AT,AT,AT,TG,TG,TA,TA,GG,TT,TT,TT,TT,TT,TT,TT,TT
AO088,CC,TT,TC,TC,AA,AA,GG,GG,CC,CC,CC,CC,TT,GG,AA,AA,AA,GG,GG,AA,AA,GG,TT,TT,TT,TT,TT,TT,TT,TT
BO088,CC,TT,CC,CC,AA,AA,GG,GG,CC,CC,CC,CC,TT,GG,AA,AA,AA,GG,GG,AA,AA,GG,TT,TT,TT,TT,TT,TT,TC,TC
PO086,CC,TC,CC,CC,AA,AA,GG,GG,TT,TT,TT,TT,TT,AG,TT,TT,TT,TT,TT,TT,TT,GG,TT,TT,TT,TT,TT,TT,TC,TC
AO086,CC,TT,CC,CC,AC,AG,GG,GG,TT,TT,TT,TT,TT,AG,TT,TT,TT,TT,TT,TT,TT,GG,TT,TT,TT,TT,TT,TT,TC,TC
PO136,CC,TT,TC,TC,AC,AG,AG,AG,TT,TT,CC,CC,TT,GG,TT,TT,TT,TT,TT,TT,TT,AG,TC,TC,TC,TT,TT,TT,TT,TT
SO136,CC,TC,CC,CC,AC,AG,AG,AG,TC,TC,CC,CC,TT,GG,AT,AT,AT,TG,TG,TA,TA,GG,TC,TC,TC,TC,TC,TC,TT,TT
AO136,CC,TT,CC,CC,AA,AA,AG,AG,TT,TT,CC,CC,TT,GG,TT,TT,TT,TT,TT,TT,TT,GG,TC,TC,TC,TC,TC,TC,TT,TT
PO066,TC,TT,CC,CC,AA,AA,AG,AG,TC,TC,TC,TC,TT,GG,AT,AT,AT,TG,TG,TA,TA,GG,TC,TC,TC,TT,TT,TT,TT,TT
SO066,CC,TT,CC,CC,AC,AG,GG,GG,CC,CC,CC,CC,TT,GG,AA,AA,AA,GG,GG,AA,AA,GG,TT,TT,TT,TC,TC,TC,TT,TT
AO066,CC,TT,CC,CC,AA,AA,AG,AG,TC,TC,CC,CC,TT,GG,AT,AT,AT,TG,TG,TA,TA,GG,TC,TC,TC,TC,TC,TC,TT,TT
PO074,TC,TC,CC,CC,AA,AA,AA,AA,CC,CC,TC,TC,TT,GG,AA,AA,AA,GG,GG,AA,AA,GG,CC,CC,CC,TC,TC,TC,CC,CC
AO074,TC,TT,CC,CC,AC,AG,AA,AA,TC,TC,CC,CC,TT,GG,AT,AT,AT,TG,TG,TA,TA,GG,CC,CC,CC,CC,CC,CC,TC,TC
PO110,CC,TT,CC,CC,AC,AG,GG,GG,CC,CC,CC,CC,TT,GG,AA,AA,AA,GG,GG,AA,AA,GG,TT,TT,TT,TT,TT,TT,TC,TC
AO110,CC,TT,CC,CC,AC,AG,GG,GG,TC,TC,TC,TC,TT,GG,AT,AT,AT,TG,TG,TA,TA,GG,TT,TT,TT,TT,TT,TT,CC,CC
BO110,CC,TT,CC,CC,AC,AG,GG,GG,TC,TC,TC,TC,TT,GG,AT,AT,AT,TG,TG,TA,TA,GG,TT,TT,TT,TT,TT,TT,CC,CC
PO142,--,TT,CC,CC,AA,AA,AG,AG,TT,TT,CC,CC,TT,GG,TT,TT,TT,TT,TT,TT,TT,GG,TC,TC,TC,TC,TC,TC,TC,TC
AO142,TC,TT,CC,CC,AC,AG,AG,AG,TC,TC,CC,CC,TT,GG,AT,AT,AT,TG,TG,TA,TA,GG,TC,TC,TC,TT,TT,TT,TT,TT
PO211,CC,TT,TC,TC,AA,AA,AG,AG,TC,TC,TC,TC,TT,GG,AT,AT,AT,TG,TG,TA,TA,GG,TC,TC,TC,TT,TT,TT,TT,TT
SO211,--,--,CC,CC,AC,AG,AG,AG,TT,TT,TC,TC,TT,GG,TT,TT,TT,TT,TT,TT,TT,GG,TC,TC,TC,TT,--,TT,TT,TT
AO211,--,TT,CC,CC,AC,AG,AA,AA,TT,TT,CC,CC,TT,GG,TT,TT,TT,TT,TT,TT,TT,GG,CC,CC,CC,TT,TT,TT,TT,TT
BO211,TC,TT,CC,CC,AC,AG,AA,AA,TT,TT,TC,TC,TT,GG,TT,TT,TT,TT,TT,TT,TT,GG,CC,CC,CC,TT,TT,TT,TT,TT
PO083,CC,TC,TC,TC,CC,GG,GG,GG,TC,TC,TC,TC,TT,GG,AT,AT,AT,TG,TG,TA,TA,GG,TT,TT,TT,TT,TT,TT,TT,TT
SO083,CC,TT,TT,TT,AA,AA,GG,GG,TC,TC,TC,TC,TT,GG,AT,AT,AT,TG,TG,TA,TA,GG,TT,TT,TT,TT,TT,TT,TT,TT
AO083,CC,TC,TC,TC,AC,AG,GG,GG,TC,TC,TC,TC,TT,GG,AT,AT,AT,TG,TG,TA,TA,GG,TT,TT,TT,TT,TT,TT,TT,TT
PO210,CC,TC,TC,TC,CC,GG,AG,AG,CC,CC,TC,TC,TT,AA,AA,AA,AA,GG,GG,AA,AA,GG,TC,TC,TC,TT,TT,TT,TC,TC
BO210,CC,TC,TT,TT,CC,GG,AG,AG,CC,CC,TT,TT,TT,AA,AA,AA,AA,GG,GG,AA,AA,GG,TC,TC,TC,TT,TT,TT,CC,CC
SO077,CC,TT,CC,CC,CC,GG,AG,AG,TT,TT,CC,CC,TT,GG,TT,TT,TT,TT,TT,TT,TT,GG,TC,TC,TC,TT,TT,TT,TT,TT
AO077,CC,TT,CC,CC,CC,GG,GG,GG,TT,TT,CC,CC,TT,GG,TT,TT,TT,TT,TT,TT,TT,GG,TT,TT,TT,TT,TT,TT,TT,TT
PO213,CC,TT,CC,CC,AC,AG,GG,GG,TC,TC,TT,TT,TC,GG,TT,TT,TT,TT,TT,TA,TA,GG,TT,TT,TT,TT,TT,TT,TT,TT
SO213,CC,--,CC,CC,CC,GG,AG,AG,TT,TT,CC,CC,TT,GG,TT,TT,TT,TT,TT,TT,TT,GG,TC,TC,TC,TT,TT,TT,TT,TT
AO213,CC,TC,CC,CC,CC,GG,AG,AG,TT,TT,TC,TC,TC,GG,TT,TT,TT,TT,TT,TT,TT,GG,TC,TC,TC,TT,TT,TT,TT,TT
SO217,CC,TT,CC,CC,AC,AG,AG,AG,CC,CC,CC,CC,TT,GG,AA,AA,AA,GG,GG,AA,AA,GG,TC,TC,TC,TT,TT,TT,TC,TC
BO217,CC,TC,CC,CC,AA,AA,AG,AG,TC,TC,CC,CC,TC,GG,AT,AT,AT,TG,TG,TA,TA,GG,TC,TC,TC,TT,TT,TT,TT,TT
PO220,CC,TT,TT,TT,AC,AG,GG,GG,TC,TC,CC,CC,TT,GG,AT,AT,AT,TG,TG,TA,TA,GG,TT,TT,TT,TT,TT,TT,TT,TT
SO220,CC,TT,TC,TC,AA,AA,GG,GG,TC,TC,TC,TC,TT,AG,AT,AT,AT,TG,TG,TA,TA,GG,TT,TT,TT,TT,TT,TT,TT,TT
AO220,CC,TT,TC,TC,AA,AA,GG,GG,CC,CC,TC,TC,TT,GG,AA,AA,AA,GG,GG,AA,AA,GG,TT,TT,TT,TT,TT,TT,TT,TT
BO220,CC,TT,TT,TT,AA,AA,GG,GG,TC,TC,CC,CC,TT,GG,AT,AT,AT,TG,TG,TA,TA,GG,TT,TT,TT,TT,TT,TT,TT,TT
PO219,CC,CC,TC,TC,AC,AG,AG,AG,TC,TC,TC,TC,TT,GG,AT,AT,AT,TG,TG,TA,TA,AG,TC,TC,TC,TT,TT,TT,TC,TC
SO219,CC,TC,CC,CC,AA,AA,GG,GG,TT,TT,TC,TC,TT,GG,TT,TT,TT,TT,TT,TT,TT,GG,TT,TT,TT,TT,TT,TT,TT,TT
AO219,CC,CC,TC,TC,AC,AG,AG,AG,TC,TC,TT,TT,TT,GG,AT,AT,AT,TG,TG,TA,TA,AG,TC,TC,TC,TT,TT,TT,TT,TT
BO219,CC,CC,TC,TC,AC,AG,AG,AG,TC,TC,TT,TT,TT,GG,AT,AT,AT,TG,TG,TA,TA,AG,TC,TC,TC,TT,TT,TT,TT,TT
SO067,CC,TC,TC,TC,CC,GG,GG,GG,TT,TT,TC,TC,TC,GG,TT,TT,TT,TT,TT,TT,TT,GG,TT,TT,TT,TT,TT,TT,TT,TT
AO067,CC,TT,CC,CC,CC,GG,GG,GG,TC,TC,TC,TC,CC,GG,AT,AT,AT,TG,TG,TA,TA,GG,TT,TT,TT,TT,TT,TT,TT,TT
PO217,CC,CC,CC,CC,AA,AA,AG,AG,TT,TT,TC,TC,TC,GG,TT,TT,TT,TT,TT,TT,TT,GG,TC,TC,TC,TT,TT,TT,TT,TT