"","BMI Z-Score","Body Mass","Height","Waist Circumference","Total Sugar","Added Sugar","Caloric Intake","Waist Circumference to Height Ratio"
"rs1801278",100,100,100,100,0,0,90,0
"rs35874116",1,0,0,0,1,0,0,0
"rs5400",4,0,0,0,8,100,0,0
"rs5417",5,0,0,0,4,0,0,0
"rs5418",5,0,0,0,3,0,0,0
"rs12970134",5,0,0,0,8,0,0,0
"rs1421085",0,0,0,0,8,0,0,0
"rs2943641",5,0,0,0,1,0,0,0
"rs7102710",1,0,0,0,0,0,0,0
"rs17683430",41,0,0,1,8,0,0,0
"rs9939609",5,0,0,0,0,0,2,1
"rs17817449",4,0,0,0,0,0,0,0
"rs1558902",0,0,0,0,0,0,2,0
"rs17300539",5,0,0,0,3,0,0,4
"rs17782313",0,0,0,0,3,0,0,0
"rs4994",0,0,0,0,0,0,0,0
"rs1801260",0,0,0,0,8,0,0,0
