"","BMI","Body Mass","Height","Waist Circumference","Total Sugar","Added Sugar","Caloric Intake","Waist Circumference to Height Ratio"
"rs1801278",0,0,0,0,0,0,0,0
"rs35874116",0,0,100,0,0,29,100,0
"rs5400",0,0,0,0,0,0,5,0
"rs5417",0,0,0,0,0,0,5,0
"rs5418",0,0,0,0,0,0,0,0
"rs12970134",100,100,0,6,0,0,5,0
"rs1421085",0,0,0,0,0,0,0,0
"rs2943641",0,0,0,0,0,0,5,0
"rs7102710",21,2,0,6,90,43,5,0
"rs17683430",0,0,0,0,0,0,5,0
"rs9939609",5,0,0,0,0,0,5,0
"rs17817449",0,0,0,0,0,0,5,0
"rs1558902",0,0,0,0,0,0,0,0
"rs17300539",0,0,0,0,0,0,5,0
"rs17782313",0,0,0,0,0,0,5,0
"rs4994",0,0,0,6,0,0,5,0
"rs1801260",0,0,0,3,90,0,5,0
