"","rs1801278","rs35874116","rs5400","rs5417","rs5418","rs12970134","rs1421085","rs2943641","rs7102710","rs17683430","rs9939609","rs17817449","rs1558902","rs17300539","rs17782313","rs4994","rs1801260"
"AO405","2","0","2","2","2","2","1","0","2","2","1","1","1","1","2","2","2"
"PO405","2","0","2","1","1","1","1","2","2","2","1","1","1","1","1","2","2"
"AO409","2","1","1","1","1","2","1","1","2","2","1","1","1","1","2","2","2"
"SO409","2","0","2","0","0","2","2","2","2","2","2","2","2","2","2","2","1"
"AO414","2","2","2","0","0","0","0","1","2","2","0","0","0","1","0","1","0"
"PO414","2","2","1","0","0","0","1","1","2","2","1","1","1","1","0","2","1"
"AO415","1","2","2","2","2","2","1","0","2","2","1","1","1","2","2","2","2"
"PO415","1","2","1","2","2","2","0","0","2","2","0","0","0","2","2","2","2"
"SO415","2","2","2","2","2","2","2","0","1","2","2","2","2","2","2","2","2"
"AO416","2","2","2","1","1","1","1","2","1","2","1","1","1","2","1","2","1"
"SO416","2","2","1","1","1","2","1","1","1","2","1","1","1","2","2","2","2"
"AO418","2","2","2","1","1","1","1","2","2","2","1","1","1","2","1","2","1"
"BO418","1","2","1","1","1","2","2","2","2","2","2","2","2","1","2","2","1"
"PO418","2","2","1","1","1","2","1","2","2","2","1","1","1","1","2","2","1"
"SO418","1","2","2","2","2","1","2","2","2","2","2","2","2","2","1","2","1"
"AO419","1","0","1","1","1","1","2","1","2","2","2","2","2","2","1","2","0"
"PO419","2","1","2","1","1","1","1","2","2","2","1","1","1","2","1","2","0"
"AO420","2","2","2","2","2","0","0","2","2","2","0","0","0","2","0","1","2"
"PO420","2","1","2","2","2","1","1","2","2","2","1","1","1","2","1","1","2"
"SO420","2","2","2","1","1","0","0","2","2","2","0","0","0","2","0","2","2"
"AO423","2","2","2","1","1","2","2","1","2","2","2","2","2","2","2","2","1"
"PO423","2","2","2","1","1","2","1","1","2","2","1","1","1","2","2","2","1"
"SO423","2","2","2","2","2","2","2","2","2","2","2","2","2","2","2","1","1"
"AO426","2","0","1","2","2","2","2","0","2","2","2","2","2","2","2","2","1"
"BO426","2","1","0","2","2","1","2","1","2","2","2","2","2","2","1","1","2"
"PO426","1","1","1","2","2","2","2","1","2","2","2","2","2","2","2","2","1"
"AO427","2","1","1","2","2","2","1","2","2","2","1","1","1","2","2","1","1"
"PO427","2","1","2","2","2","1","1","2","2","2","1","1","1","2","1","1","2"
"SO427","2","2","1","2","2","2","1","2","2","2","1","1","1","2","2","2","1"
"AO428","1","2","1","2","2","1","1","1","2","2","1","1","1","2","1","2","1"
"PO428","1","2","1","2","2","2","0","1","2","2","0","0","0","2","2","2","2"
"SO428","2","1","1","1","1","1","2","1","2","2","2","2","2","2","1","2","0"
"AO429","2","2","2","2","2","2","1","2","2","2","1","1","1","2","2","2","2"
"BO429","2","1","2","2","2","2","1","1","2","2","1","1","1","1","2","2","2"
"PO429","2","1","2","1","1","2","1","2","1","2","1","1","1","1","2","2","2"
"AO431","2","2","2","0","0","2","2","1","1","2","2","2","2","2","2","0","2"
"SO431","2","2","2","1","1","2","1","2","1","2","1","1","1","2","2","1","2"
"AO432","2","1","2","1","1","0","2","0","2","2","2","2","2","1","0","2","2"
"BO432","2","0","2","2","2","1","1","1","2","2","1","1","1","1","1","2","2"
"PO432","2","1","2","2","2","0","1","1","2","2","1","1","1","2","0","2","2"
"SO432","2","1","2","1","1","1","2","0","2","2","2","2","2","0","1","2","2"
"AO433","2","2","2","2","2","1","2","1","1","2","2","2","2","2","2","2","1"
"PO433","2","2","2","2","2","1","1","1","2","2","1","1","1","2","1","1","0"
"AO434","2","1","1","2","2","1","1","2","2","2","1","1","1","2","1","2","1"
"BO434","2","2","2","1","1","1","0","1","2","2","0","0","0","2","1","2","1"
"PO434","2","1","1","1","1","2","0","1","2","2","0","0","0","2","2","2","2"
"SO434","2","2","2","2","2","1","1","1","2","2","1","1","1","2","1","2","1"
"AO435","2","0","1","1","1","1","0","1","2","2","0","0","0","2","1","2","1"
"PO435","--","0","1","1","1","1","1","0","2","2","1","1","1","2","1","2","1"
"AO438","2","1","2","1","1","1","2","1","2","2","2","2","2","2","1","1","2"
"PO438","2","1","2","1","1","2","2","2","2","2","2","2","2","2","2","1","2"
"SO438","2","1","2","2","2","0","1","1","2","2","1","1","1","2","0","2","2"
"AO439","2","1","0","1","1","2","2","2","2","2","2","2","2","2","2","2","0"
"PO439","2","1","1","2","2","2","2","2","2","2","2","2","2","2","2","2","1"
"SO439","2","0","1","1","1","1","2","1","2","1","2","2","2","2","1","2","1"
"AO441","2","1","2","0","0","2","0","2","2","1","0","0","0","2","2","1","2"
"PO441","2","2","2","1","1","2","1","2","2","1","1","1","1","2","2","1","2"
"AO442","1","2","2","1","1","2","1","2","2","1","1","1","1","2","2","2","0"
"PO442","--","2","2","1","1","2","1","2","2","2","1","1","1","2","2","2","0"
"AO443","2","1","2","1","1","2","2","1","2","2","2","2","2","2","2","2","2"
"BO443","2","1","2","1","1","2","2","1","2","2","2","2","2","2","2","2","2"
"CO443","2","2","2","1","1","1","2","1","2","2","2","2","2","2","1","2","2"
"PO443","2","2","2","0","0","2","2","2","2","2","2","2","2","2","2","2","2"
"SO443","2","1","1","2","2","1","2","0","2","2","2","2","2","2","1","2","2"
"AO444","2","1","1","1","1","1","2","1","2","2","2","2","2","2","1","2","2"
"PO444","2","1","1","2","2","1","2","2","2","2","2","2","2","1","1","2","1"
"AO445","2","2","2","2","2","2","1","1","1","2","1","1","1","2","1","2","2"
"PO445","2","2","2","2","2","1","1","1","2","2","1","1","1","2","1","2","1"
"SO445","2","2","2","1","1","1","0","1","1","2","0","0","0","2","0","2","2"
"AO447","2","1","2","0","0","1","1","2","2","2","1","1","1","2","2","2","2"
"PO447","2","1","2","0","0","2","1","2","2","2","1","1","1","2","2","2","2"
"SO447","2","2","2","1","1","1","1","2","2","2","1","1","1","2","2","2","2"
"AO448","2","2","2","1","1","0","2","2","2","2","2","2","2","2","0","2","1"
"BO448","2","2","1","1","1","0","1","1","2","2","1","1","1","2","0","2","1"
"PO448","2","2","2","0","0","0","2","2","2","2","2","2","2","2","0","2","1"
"SO448","2","2","1","2","2","0","1","1","2","2","1","1","1","2","0","2","2"
"AO449","2","2","2","2","2","2","1","2","2","1","1","1","1","2","2","1","1"
"PO449","2","1","2","2","2","2","2","1","2","2","2","2","2","2","2","2","1"
"SO449","2","1","2","1","1","2","1","1","2","1","1","1","1","1","2","1","2"
"AO450","2","0","2","1","1","2","2","2","2","2","2","2","2","1","2","2","1"
"BO450","2","1","2","2","2","2","1","1","2","2","1","1","1","2","2","2","2"
"SO450","2","0","2","2","2","1","1","1","2","2","1","1","1","2","1","2","1"
"AO451","--","--","1","0","0","2","1","1","2","1","1","1","1","2","2","2","1"
"PO451","1","1","1","1","1","2","1","2","2","1","1","1","1","2","2","2","2"
"SO451","2","2","2","1","1","2","1","1","2","2","1","1","1","1","2","2","1"
"AO452","2","1","1","1","1","1","1","2","2","2","1","1","1","1","1","2","0"
"PO452","2","2","2","0","0","1","1","2","1","2","1","1","1","1","1","2","1"
"SO452","1","0","1","1","1","2","2","2","2","2","2","2","2","2","2","2","1"
"AO453","--","1","1","2","2","1","2","0","2","2","2","2","2","2","1","2","2"
"PO453","2","2","1","1","1","1","1","1","2","2","1","1","1","2","1","2","2"
"AO454","2","1","2","2","2","2","1","2","2","2","1","1","1","2","2","2","2"
"PO454","2","1","2","1","1","2","1","2","2","2","1","1","1","2","2","2","1"
"SO454","2","0","2","2","2","2","1","1","2","2","1","1","1","2","2","2","2"
"AO455","1","2","1","1","1","1","2","2","2","2","2","2","2","2","1","2","1"
"PO455","1","1","2","1","1","1","1","1","2","2","1","1","1","2","1","2","2"
"SO455","2","1","1","2","2","1","1","2","2","1","1","1","1","2","1","2","1"
"AO456","2","1","1","0","0","2","1","0","2","2","1","1","1","2","1","2","2"
"PO456","2","1","2","2","2","2","0","2","1","2","0","0","0","2","2","2","1"
"SO456","2","2","0","0","0","1","2","1","2","2","2","2","2","2","0","2","1"
"AO457","2","1","2","2","2","2","1","1","2","2","1","1","1","2","2","2","1"
"BO457","2","1","1","2","2","2","1","1","2","2","1","1","1","2","2","2","2"
"PO457","2","0","1","2","2","1","2","0","2","2","2","2","2","2","1","2","1"
"SO457","--","2","1","2","2","2","--","2","2","2","1","1","1","2","2","2","2"
"AO459","1","1","2","2","2","1","2","2","2","2","2","2","2","2","1","2","2"
"PO459","2","1","2","2","2","2","2","2","2","2","2","2","2","2","2","2","2"
"SO459","2","2","2","0","0","2","1","2","2","2","1","1","1","1","2","2","1"
"AO461","2","0","2","0","0","1","2","1","2","2","2","2","2","2","1","2","1"
"PO461","1","1","1","1","1","2","2","2","2","2","2","2","2","2","2","2","1"
"SO461","2","0","2","0","0","1","2","0","2","2","2","2","2","2","1","2","1"
"AO462","2","1","2","1","1","2","2","2","2","2","2","2","2","2","2","2","2"
"PO462","2","1","2","1","1","2","2","1","2","2","2","2","2","2","2","2","2"
"AO464","2","1","2","1","1","2","2","2","1","2","2","2","2","1","2","2","2"
"PO464","2","2","2","0","0","2","2","2","2","2","2","2","2","1","2","2","1"
"AO465","1","2","2","1","1","0","1","1","2","2","1","1","1","2","0","1","1"
"PO465","2","2","2","2","2","0","2","2","2","1","2","2","2","2","0","1","1"
"SO465","2","2","2","1","1","1","0","1","2","2","0","0","0","2","1","2","1"
"AO467","2","0","2","1","1","2","1","0","2","2","1","1","1","2","2","1","1"
"PO467","2","1","2","2","2","2","1","0","2","2","1","1","1","2","2","2","1"
"SO467","2","1","2","0","0","2","0","1","2","2","0","0","0","1","2","1","2"
"AO468","1","2","2","1","1","1","1","1","2","2","1","1","1","2","1","2","2"
"BO468","1","2","2","0","0","1","1","0","2","2","1","1","1","2","1","2","2"
"PO468","2","2","2","1","1","0","1","1","2","2","1","1","1","2","1","2","1"
"SO468","1","2","2","1","1","2","1","1","2","2","1","1","1","2","2","2","2"
"AO469","2","1","2","1","1","1","2","2","2","2","2","2","2","2","2","2","2"
"PO469","2","1","1","2","2","1","1","1","2","2","1","1","1","2","2","2","2"
"SO469","2","2","2","1","1","2","1","2","2","2","1","1","1","1","2","2","2"
"AO470","2","1","2","2","2","1","2","2","2","2","2","2","2","2","1","2","2"
"PO470","2","1","2","2","2","1","2","1","2","2","2","2","2","1","1","2","1"
"SO470","2","2","2","2","2","2","2","2","2","2","2","2","2","2","2","1","2"
"AO471","2","1","2","1","1","1","0","2","2","2","0","0","0","2","1","2","1"
"PO471","2","1","2","2","2","2","1","2","1","2","1","1","1","2","2","2","1"
"AO473","2","2","2","1","1","1","1","1","2","2","1","1","1","2","1","2","2"
"PO473","2","--","2","1","1","1","1","1","2","2","1","1","1","2","1","2","2"
"SO473","2","--","2","2","2","2","1","1","2","1","1","1","1","2","2","2","2"
"AO474","2","1","2","1","1","1","1","1","0","2","1","1","1","2","1","1","2"
"PO474","2","1","1","1","1","2","0","1","1","2","0","0","0","1","2","2","2"
"SO474","2","--","2","1","1","0","1","2","1","2","1","1","1","2","0","1","2"
"AO476","2","1","2","1","1","2","2","2","1","2","2","2","2","2","2","2","0"
"PO476","2","2","2","1","1","2","1","1","2","2","1","1","1","2","2","2","1"
"SO476","2","1","2","1","1","1","1","1","1","2","1","1","1","2","1","2","0"
"AO477","2","2","2","1","1","2","1","1","2","2","1","1","1","2","2","2","1"
"BO477","2","1","2","0","0","2","0","1","2","2","0","0","0","2","2","2","1"
"PO477","2","2","1","1","1","2","1","2","2","2","1","1","1","2","2","2","0"
"AO479","2","2","2","2","2","2","2","1","1","2","2","2","2","1","2","1","2"
"BO479","2","2","2","2","2","1","2","2","2","2","2","2","2","2","1","1","1"
"PO479","2","2","2","2","2","2","2","2","2","2","2","2","2","1","2","0","2"
"AO480","2","1","2","2","2","2","0","2","2","2","0","0","0","2","2","2","2"
"BO480","2","1","2","1","1","2","1","2","2","2","1","1","1","2","2","1","2"
"PO480","2","1","2","2","2","2","1","2","2","2","1","1","1","2","2","2","2"
"SO480","2","0","2","1","1","2","1","2","2","2","1","1","1","2","2","1","2"
"AO483","2","2","2","2","2","1","2","1","2","2","2","2","2","2","1","2","1"
"BO483","2","2","2","2","2","1","1","1","2","2","1","1","1","2","1","2","2"
"PO483","2","2","2","2","2","2","1","2","2","2","1","1","1","2","2","2","1"
"SO483","2","2","2","1","1","0","1","0","2","2","1","1","1","2","1","2","2"
"AO486","2","2","2","2","2","2","1","2","2","1","1","1","1","2","2","2","2"
"PO486","2","2","2","2","2","2","0","2","2","1","0","0","0","2","2","2","2"
"SO486","2","2","1","2","2","1","2","2","2","2","2","2","2","1","1","2","2"
"AO490","2","2","2","2","2","2","0","1","2","2","0","0","0","2","2","1","2"
"PO490","2","2","2","1","1","2","1","2","2","2","1","1","1","2","2","2","2"
"SO490","2","2","1","1","1","2","1","1","2","2","1","1","1","2","2","1","2"
"AO491","2","1","2","2","2","2","1","2","2","2","1","1","1","1","2","2","2"
"BO491","2","1","2","2","2","2","1","2","2","2","1","1","1","1","2","2","2"
"PO491","2","1","2","2","2","2","1","2","2","2","1","1","1","2","2","2","2"
"SO491","2","1","2","2","2","2","2","1","2","2","2","2","2","1","2","2","1"
"AO494","2","2","2","1","1","2","1","1","2","2","1","1","1","2","2","2","2"
"BO494","2","1","2","2","2","2","1","1","2","2","1","1","1","2","2","2","1"
"PO494","2","2","2","2","2","2","0","1","2","2","0","0","0","2","2","2","2"
"AO502","2","2","2","2","2","2","0","2","2","2","0","0","0","2","2","2","2"
"PO502","2","2","1","2","2","2","1","1","2","2","1","1","1","2","2","2","2"
"SO502","2","2","2","2","2","2","0","1","2","2","0","0","0","2","2","2","2"
"AO505","2","0","2","1","1","1","1","2","2","2","1","1","1","1","1","2","2"
"PO505","2","0","2","2","2","2","1","2","2","2","1","1","1","1","2","2","1"
"AO506","1","2","2","0","0","2","0","1","2","2","0","0","0","1","2","2","2"
"PO506","1","1","2","1","1","2","1","1","1","2","1","1","1","1","2","2","1"
"SO506","2","2","2","0","0","2","1","2","2","2","1","1","1","2","2","2","1"
"AO507","2","1","2","0","0","2","2","2","2","2","2","2","2","2","2","2","1"
"BO507","2","2","2","0","0","2","1","2","2","2","1","1","1","2","2","1","0"
"PO507","--","1","1","0","0","2","1","2","2","2","1","1","1","2","2","1","0"
"SO507","2","2","2","1","1","1","1","2","2","2","1","1","1","2","1","1","1"
"AO509","2","2","2","1","1","1","2","1","2","2","2","2","2","2","1","2","2"
"PO509","1","1","2","1","1","1","2","1","2","1","2","2","2","2","1","2","2"
"SO509","2","1","2","1","1","1","2","1","2","2","2","2","2","2","1","2","2"
"AO510","1","2","1","2","2","1","2","1","2","2","2","2","2","2","1","2","1"
"BO510","--","2","1","2","2","1","1","1","2","2","1","1","1","2","0","2","1"
"PO510","2","2","1","2","2","1","1","1","1","2","1","1","1","2","1","2","1"
"SO510","0","2","2","2","2","2","2","2","1","2","2","2","2","2","1","2","2"
"AO514","1","1","2","1","1","2","2","1","2","2","2","2","2","1","2","2","1"
"PO514","2","2","2","0","0","2","1","2","2","2","1","1","1","2","2","2","1"
"SO514","1","0","2","2","2","2","1","1","2","2","1","1","1","1","2","2","2"
"AO515","2","2","1","1","1","2","0","2","2","2","0","0","0","2","2","2","1"
"PO515","1","2","2","2","2","2","1","2","2","2","1","1","1","1","2","2","1"
"SO515","2","1","1","1","1","1","1","2","2","2","1","1","1","2","1","2","2"
"AO516","2","2","1","2","2","2","0","2","2","2","0","0","0","1","2","1","1"
"PO516","2","1","2","2","2","2","0","2","2","2","0","0","0","2","2","2","2"
"SO516","2","2","1","2","2","2","1","1","1","2","1","1","1","1","2","1","1"
"AO517","2","2","2","2","2","2","2","1","1","2","2","2","2","2","2","2","2"
"PO517","2","--","1","2","2","1","1","0","2","2","1","1","1","2","1","2","1"
"AO518","2","2","2","1","1","0","2","1","2","2","2","2","2","2","0","2","2"
"PO518","--","1","2","--","1","0","2","1","2","2","2","2","2","2","0","2","1"
"SO518","2","--","2","2","2","1","1","2","2","2","1","1","1","2","1","2","1"
"AO519","2","2","2","1","1","2","2","1","1","2","2","2","2","2","2","1","2"
"PO519","1","1","2","2","2","2","2","2","1","2","2","2","2","2","2","1","2"
"AO520","2","1","2","2","2","1","1","1","2","1","1","1","1","2","1","2","2"
"BO520","2","1","2","2","2","1","2","2","2","1","2","2","2","2","1","1","2"
"PO520","2","2","2","1","1","0","1","1","2","0","1","1","1","2","0","1","2"
"SO520","2","1","2","2","2","2","2","2","2","2","2","2","2","2","2","2","1"
"AO522","2","1","2","2","2","2","1","2","2","2","1","1","1","1","2","2","1"
"BO522","2","1","2","2","2","2","1","2","2","2","1","1","1","2","2","2","1"
"PO522","2","1","2","2","2","2","1","2","2","2","1","1","1","2","2","2","2"
"SO522","2","1","2","1","1","2","2","2","2","2","2","2","2","1","2","2","0"
"AO523","2","1","2","0","0","1","2","2","2","2","2","2","2","2","1","1","2"
"PO523","2","2","2","0","0","0","2","2","2","2","2","2","2","2","0","2","2"
"SO523","2","1","2","0","0","2","2","2","2","2","2","2","2","2","1","1","1"
"AO524","2","1","1","2","2","2","1","1","2","2","1","1","1","2","2","2","2"
"PO524","2","1","1","2","2","2","0","0","2","2","0","0","0","2","2","2","2"
"AO528","2","1","1","1","1","2","1","1","2","2","1","1","1","2","2","2","2"
"PO528","1","2","2","1","1","1","1","2","2","2","1","1","1","2","1","2","2"
"AO529","2","0","1","1","1","1","1","2","1","2","1","1","1","2","1","2","2"
"BO529","2","0","1","1","1","1","1","1","1","2","1","1","1","2","1","2","2"
"AO536","2","1","1","0","0","2","0","2","2","2","0","0","0","2","2","2","2"
"PO536","2","0","1","1","1","1","1","1","2","2","1","1","1","1","1","2","2"
"SO536","2","2","2","0","0","2","1","1","2","1","1","1","1","2","2","2","2"
"AO537","2","0","2","2","2","0","1","1","2","2","1","1","1","2","0","2","1"
"PO537","2","0","2","2","2","0","0","1","2","2","0","0","0","2","0","2","1"
"SO537","2","0","2","2","2","1","2","1","2","2","2","2","2","2","1","1","1"
"AO538","2","1","1","2","2","2","1","2","2","2","1","1","1","2","2","2","1"
"PO538","2","1","0","1","1","2","1","1","2","2","1","1","1","2","2","2","1"
"SO538","1","1","2","2","2","2","1","2","2","2","1","1","1","2","2","1","2"
"AO539","2","1","2","2","2","2","1","2","2","1","1","1","1","2","2","2","2"
"PO539","2","1","2","2","2","2","1","2","2","1","1","1","1","2","2","2","1"
"SO539","2","1","2","2","2","2","1","1","1","2","1","1","1","2","2","2","2"
"AO540","2","--","2","1","1","1","2","2","2","1","2","2","2","2","1","2","1"
"BO540","2","0","1","2","2","2","1","2","2","1","1","1","1","2","2","2","0"
"PO540","2","0","2","1","1","2","1","1","2","2","1","1","1","2","2","2","0"
"SO540","2","1","1","2","2","1","1","2","2","0","1","1","1","2","1","2","1"
"AO541","2","2","2","1","1","2","0","2","2","2","0","0","0","2","2","2","2"
"PO541","2","1","2","2","2","2","1","2","2","2","1","1","1","2","2","2","2"
"SO541","2","2","2","1","1","2","1","2","2","2","1","1","1","2","2","2","2"
"AO542","2","2","2","1","1","1","1","2","2","2","1","1","1","2","1","2","1"
"PO542","2","1","2","2","2","1","1","2","2","2","1","1","1","2","1","2","0"
"SO542","2","1","2","1","1","2","1","1","2","2","1","1","1","2","2","2","2"
"AO544","2","2","1","2","2","1","2","1","2","2","2","2","2","2","2","2","1"
"PO544","2","2","1","2","2","1","1","1","2","2","1","1","1","2","2","2","1"
"SO544","1","1","2","2","2","0","1","1","2","2","1","1","1","2","1","1","2"
"AO546","2","1","1","1","1","2","0","0","2","2","0","0","0","2","2","2","1"
"PO546","2","1","1","1","1","1","1","0","2","2","1","1","1","2","1","2","1"
"SO546","2","1","2","2","2","2","0","0","2","2","0","0","0","2","2","2","1"
"AO547","2","1","2","0","0","1","2","0","2","2","2","2","--","2","1","2","1"
"PO547","2","--","2","1","1","1","2","1","2","2","2","2","2","2","1","2","2"
"SO547","2","1","2","1","1","1","2","1","2","2","2","2","2","2","1","2","1"
"AO548","2","2","2","1","1","2","2","2","2","2","2","2","2","2","2","0","1"
"PO548","2","2","2","2","2","1","1","2","2","2","1","1","1","2","1","1","2"
"SO548","1","2","2","0","0","2","1","1","2","2","1","1","1","2","2","1","1"
"AO549","2","0","1","2","2","1","2","2","2","2","2","2","2","2","1","2","2"
"PO549","2","1","2","2","2","1","1","2","2","2","1","1","1","2","1","2","2"
"AO550","2","2","2","1","1","2","2","1","2","2","2","2","2","2","2","2","1"
"PO550","2","1","1","2","2","2","2","1","2","2","2","2","2","2","2","2","1"
"SO550","2","1","1","1","1","2","1","2","2","2","1","1","1","2","2","2","1"
"AO551","2","2","0","0","0","2","1","2","2","2","1","1","1","2","2","2","2"
"PO551","2","1","1","0","0","2","0","2","2","2","0","0","0","2","2","2","2"
"SO551","2","1","1","1","1","1","2","1","2","2","2","2","2","2","1","2","1"
"AO553","1","0","2","2","2","2","2","2","2","2","2","2","2","2","2","2","2"
"PO553","--","1","2","2","2","2","1","2","2","2","1","1","1","2","2","2","2"
"SO553","2","1","2","2","2","2","2","2","2","2","2","2","2","2","1","2","2"
"AO555","2","2","2","2","2","1","0","0","2","2","0","0","0","1","2","2","2"
"BO555","2","2","2","2","2","1","0","1","2","2","0","0","0","2","2","2","2"
"PO555","2","2","2","1","1","2","1","1","2","1","1","1","1","2","2","2","2"
"SO555","2","2","2","2","2","1","1","1","2","2","1","1","1","1","2","2","1"
"AO560","2","1","2","2","2","1","0","0","2","2","0","0","0","1","1","1","2"
"PO560","2","1","2","2","2","2","1","1","2","2","1","1","1","2","2","1","2"
"SO560","2","1","2","2","2","1","1","0","2","2","1","1","1","1","1","2","2"
"AO561","2","0","2","1","1","2","2","2","2","2","2","2","2","2","2","1","1"
"PO561","2","1","2","1","1","2","2","1","2","2","2","2","2","2","2","2","2"
"SO561","2","1","2","1","1","2","2","2","2","2","2","2","2","2","2","0","1"
"AO565","2","1","1","1","1","1","2","1","2","2","2","2","2","2","1","2","1"
"PO565","2","1","2","1","1","2","1","2","2","2","1","1","1","2","2","2","2"
"AO568","2","2","1","2","2","1","1","2","2","2","1","1","1","1","1","1","1"
"PO568","2","1","1","2","2","0","1","2","2","2","1","1","1","1","0","2","1"
"AO573","2","1","1","0","0","1","1","1","2","2","1","1","1","2","1","2","2"
"PO573","2","1","2","0","0","1","1","0","2","2","1","1","1","2","1","2","2"
"AO576","2","1","2","2","2","1","1","2","2","2","1","1","1","2","1","1","2"
"BO576","--","1","2","2","2","1","1","1","2","2","1","1","1","1","1","1","2"
"CO576","2","1","1","2","2","1","2","1","2","2","2","2","2","1","1","1","1"
"PO576","2","0","2","2","2","2","2","2","2","2","2","2","2","1","2","2","1"
"SO576","2","2","1","2","2","1","1","1","2","2","1","1","1","2","1","1","2"
"AO584","2","0","2","2","2","2","1","2","2","2","2","2","1","2","2","2","2"
"PO584","2","1","1","1","1","2","1","1","2","2","1","1","1","1","2","2","2"
"SO584","2","1","2","1","1","2","0","1","2","1","1","1","0","2","2","2","2"
"AO579","2","2","2","1","1","2","1","2","2","2","0","0","1","2","1","2","2"
"PO579","2","2","2","1","1","2","0","1","2","2","0","0","0","2","2","2","2"
"AO580","2","1","2","2","2","2","1","2","2","2","1","1","1","2","2","2","2"
"BO580","2","1","2","2","2","1","1","2","2","2","1","1","1","2","1","2","2"
"PO580","2","2","2","1","1","1","1","2","2","2","1","1","1","2","1","2","2"
"SO580","2","1","2","2","2","2","2","2","2","2","2","2","2","2","2","2","2"
"AO585","2","2","2","0","0","1","0","1","2","2","0","0","0","2","1","2","2"
"PO585","2","2","2","0","0","2","0","0","2","2","0","0","0","1","2","2","1"
"SO585","2","1","2","1","1","2","2","2","2","2","2","2","2","2","2","2","2"
"AO586","2","1","0","1","1","1","0","2","2","2","0","0","0","2","2","2","2"
"PO586","2","0","1","1","1","2","1","1","2","2","1","1","1","2","2","2","2"
"SO586","2","2","1","2","2","1","1","2","2","2","1","1","1","2","2","2","2"
"AO588","2","2","0","1","1","2","1","1","2","2","1","1","1","1","2","1","1"
"PO588","2","2","0","1","1","2","2","2","2","2","2","2","2","2","2","2","2"
"SO588","2","2","1","2","2","2","1","1","2","2","1","1","1","1","2","1","1"
"AO589","2","1","2","2","2","2","1","2","2","2","1","1","1","2","2","2","2"
"PO589","2","2","2","2","2","2","2","2","2","2","2","2","2","2","2","2","2"
"SO589","2","0","1","1","1","2","1","2","2","2","1","1","1","2","1","2","2"
"AO594","2","1","2","1","1","2","0","1","2","2","0","0","0","1","2","2","0"
"PO594","2","1","2","1","1","2","1","2","2","2","1","1","1","1","2","2","1"
"AO595","1","2","2","2","2","1","2","1","2","2","2","2","2","2","1","2","2"
"PO595","2","1","2","1","1","0","2","1","2","2","2","2","2","2","0","2","2"
"AO598","2","--","2","1","1","2","2","0","2","2","2","2","2","1","2","2","0"
"PO598","2","1","2","1","1","2","1","1","2","2","1","1","1","2","2","2","1"
"AO600","2","--","1","1","1","1","2","2","2","1","2","2","2","2","1","2","0"
"SO600","2","1","1","1","1","2","1","2","2","2","1","1","1","2","2","1","1"
"AO602","2","2","2","1","1","2","1","0","2","2","1","1","1","2","2","2","1"
"PO602","2","2","1","2","2","1","1","1","2","2","1","1","1","2","1","1","1"
"AO606","2","2","2","1","1","2","2","2","2","2","2","2","2","2","2","1","2"
"PO606","2","2","2","1","1","2","1","1","2","2","1","1","1","2","2","2","2"
"SO606","2","1","2","0","0","2","1","2","2","2","1","1","1","2","2","1","2"
"AO608","2","1","2","2","2","2","1","0","1","2","1","1","1","2","2","2","2"
"PO608","2","2","2","1","1","1","2","1","1","2","2","2","2","2","1","2","2"
"AO609","2","--","1","1","1","1","0","0","2","2","0","0","0","2","1","2","2"
"BO609","2","0","1","1","1","1","1","0","2","2","1","1","1","2","1","2","2"
"SO609","2","1","2","2","2","2","1","0","2","2","1","1","1","2","2","2","2"
"AO612","2","1","2","2","2","2","1","1","2","2","1","1","1","2","2","2","2"
"PO612","1","2","2","1","1","2","0","2","2","2","0","0","0","2","2","2","1"
"SO612","2","--","2","--","2","2","1","0","2","2","1","1","1","2","2","2","2"
"AO613","1","2","2","2","2","2","1","2","2","2","1","1","1","1","2","2","2"
"BO613","1","2","2","2","2","1","1","2","2","2","1","1","1","2","1","2","1"
"PO613","0","1","2","2","2","2","0","1","2","2","0","0","0","1","2","2","1"
"SO613","2","2","2","2","2","1","2","2","2","2","2","2","2","2","1","2","2"
"AO614","2","0","2","1","1","1","1","1","2","1","1","1","1","2","1","2","2"
"PO614","2","0","2","1","1","0","0","2","2","2","0","0","0","2","0","2","1"
"AO615","2","2","2","0","0","0","2","2","2","2","2","2","2","2","0","2","2"
"PO615","2","2","2","0","0","1","2","2","2","2","2","2","2","2","1","2","2"
"SO615","2","2","2","0","0","1","2","2","2","2","2","2","2","2","1","2","2"
"AO618","2","1","2","2","2","2","1","1","2","2","1","1","1","1","2","2","2"
"PO618","2","0","1","2","2","1","1","0","1","2","1","1","1","1","1","2","2"
"SO618","2","2","2","2","2","2","2","2","2","2","2","2","2","2","2","2","1"
"AO620","2","2","2","1","1","2","1","1","2","1","1","1","1","2","2","2","2"
"PO620","2","1","2","2","2","1","2","1","1","1","2","2","2","2","1","2","2"
"SO620","2","2","2","0","0","2","0","2","2","2","0","0","0","2","2","2","2"
"AO621","2","2","2","2","2","1","2","2","2","2","2","2","2","2","1","2","2"
"PO621","2","2","1","2","2","2","2","1","2","1","2","2","2","2","2","2","2"
"AO622","2","2","1","2","2","1","0","2","1","2","0","0","0","2","1","2","2"
"BO622","2","2","2","2","2","2","1","0","1","2","1","1","1","2","2","2","2"
"PO622","2","1","2","2","2","2","1","1","1","2","1","1","1","2","2","2","2"
"SO622","2","2","1","2","2","1","0","1","1","2","0","0","0","2","1","2","2"
"AO630","2","1","2","0","0","2","2","1","2","2","2","2","2","2","2","2","2"
"PO630","2","0","1","1","1","1","2","2","1","2","1","2","2","2","1","2","2"
"AO633","2","1","2","1","1","1","2","1","1","1","2","2","2","1","1","1","1"
"BO633","2","2","2","1","1","2","2","1","1","1","2","2","2","1","2","2","2"
"PO633","2","2","2","2","2","1","2","0","1","1","2","2","2","1","1","1","1"
"SO633","2","1","2","0","0","2","2","2","2","2","2","2","2","2","2","2","2"
"AO637","2","1","2","1","1","2","0","2","2","2","0","0","0","2","2","2","2"
"PO637","2","0","2","1","1","1","1","2","2","2","1","1","1","2","1","1","2"
"BO640","2","2","2","2","2","2","1","1","2","2","1","1","1","2","2","2","2"
"PO640","2","1","2","2","2","2","2","1","2","2","2","2","2","2","2","2","1"
"AO643","2","2","2","0","0","1","2","1","2","2","2","2","2","1","1","2","1"
"PO643","--","2","--","--","1","0","1","0","2","--","--","2","0","0","--","2","2"
"SO643","2","--","1","0","0","1","2","2","2","2","2","2","2","1","1","2","1"
"AO649","2","2","2","1","1","2","1","1","2","2","1","1","1","2","2","2","1"
"BO649","2","2","2","2","2","2","1","1","2","2","1","1","1","2","2","2","1"
"PO649","2","2","2","1","1","2","2","2","2","2","2","2","2","2","2","2","2"
"SO649","2","2","2","2","2","2","0","1","2","2","0","0","0","2","2","2","1"
"AO650","2","2","1","1","1","2","2","2","2","2","2","2","2","1","2","2","2"
"PO650","2","2","0","1","1","2","1","1","2","2","1","1","1","2","2","2","2"
"AO651","2","0","2","1","1","1","1","1","2","1","1","1","1","2","1","2","1"
"PO651","2","0","1","1","1","2","0","2","2","1","0","0","0","2","2","2","2"
"AO653","2","2","2","1","1","1","1","2","2","2","1","1","1","1","1","2","0"
"BO653","1","2","2","1","1","1","0","2","2","2","0","0","0","2","1","2","1"
"SO653","2","2","2","1","1","1","1","1","2","2","1","1","1","2","1","2","0"
"AO656","1","2","1","0","0","2","2","1","2","2","2","2","2","2","1","1","2"
"PO656","2","1","1","0","0","1","2","2","2","2","2","2","2","2","1","1","2"
"AO660","2","2","1","1","1","1","1","2","2","2","1","1","1","2","1","1","2"
"PO660","2","2","2","0","0","1","2","2","2","2","2","2","2","2","1","1","2"
"SO660","2","2","1","1","1","1","1","2","2","2","1","1","1","2","1","2","1"
"AO662","2","1","2","1","1","2","2","1","2","2","2","2","2","2","2","2","0"
"PO662","2","1","2","2","2","2","2","2","2","2","2","2","2","2","2","2","1"
"AO663","2","0","2","0","0","2","1","1","2","2","1","1","1","2","2","2","2"
"BO663","2","0","2","0","0","2","0","1","2","2","0","0","0","2","2","2","2"
"PO663","2","1","1","1","1","2","1","0","2","2","1","1","1","2","2","2","2"
"AO664","2","0","2","1","1","0","1","1","2","2","1","1","1","2","0","2","2"
"PO664","2","0","2","2","2","0","2","2","2","2","2","2","2","2","1","2","2"
"BO666","2","1","2","1","1","2","1","2","1","2","1","1","1","1","2","1","2"
"PO666","2","2","2","2","2","2","0","1","2","2","0","0","0","2","2","2","2"
"SO666","1","1","2","1","1","2","1","2","1","2","1","1","1","0","2","1","2"
"AO673","2","1","2","1","1","2","0","2","2","2","0","0","0","2","2","2","1"
"PO673","2","2","2","1","1","2","0","2","2","2","0","0","0","2","2","2","1"
"AO680","2","--","2","2","2","1","2","2","2","2","2","2","2","2","1","2","2"
"PO680","1","1","2","1","1","2","1","2","2","2","1","1","1","2","2","2","2"
"SO680","2","1","2","1","1","0","2","1","2","2","2","2","2","2","0","2","2"
"AO681","2","--","2","2","2","2","2","1","2","2","2","2","2","2","2","2","2"
"PO681","2","2","2","1","1","1","2","1","2","2","2","2","2","2","1","2","2"
"AO683","2","2","1","1","1","2","0","2","2","2","0","0","0","2","2","2","2"
"PO683","2","2","2","1","1","2","1","2","2","2","1","1","1","2","2","1","1"
"SO683","2","1","0","1","1","2","1","1","2","2","1","1","1","2","2","2","2"
"AO685","2","2","2","0","0","2","1","2","2","2","1","1","1","2","2","2","0"
"BO685","2","2","2","0","0","1","1","1","2","2","1","1","1","2","1","2","0"
"PO685","2","2","2","0","0","1","0","1","2","2","0","0","0","2","1","2","0"
"SO685","1","--","2","0","0","2","2","1","2","2","2","2","2","2","2","2","0"
"AO688","2","1","2","1","1","0","1","1","2","2","1","1","1","2","0","2","2"
"PO688","2","2","2","0","0","0","2","1","2","2","2","2","2","2","0","2","2"
"SO688","2","1","2","2","2","0","0","2","2","2","0","0","0","2","0","2","1"
"AO689","1","1","1","2","2","1","0","1","2","2","0","0","0","2","1","2","1"
"PO689","2","1","1","1","1","0","0","1","2","2","0","0","0","2","0","2","1"
"AO690","2","1","2","0","0","2","2","0","2","2","2","2","2","2","2","2","1"
"PO690","2","0","2","1","1","1","2","1","2","2","2","2","2","2","1","2","1"
"SO690","2","1","2","1","1","1","2","0","2","2","2","2","2","2","1","2","1"
"AO697","2","0","2","1","1","1","1","0","2","2","1","1","1","2","1","2","1"
"PO697","2","0","2","2","2","1","2","1","1","2","2","2","2","1","1","2","0"
"SO697","2","0","2","1","1","1","0","1","2","2","0","0","0","2","1","2","2"
"AO700","2","2","1","1","1","2","0","1","2","2","0","0","0","2","2","2","1"
"PO700","2","2","1","1","1","2","1","0","2","2","1","1","1","2","2","2","2"
"SO700","2","1","1","1","1","1","0","2","2","2","0","0","0","2","1","2","1"
"AO701","2","--","2","2","2","1","1","1","1","2","1","1","1","2","1","2","2"
"PO701","2","1","2","2","2","2","2","2","2","2","2","2","2","2","2","2","1"
"SO701","2","--","2","1","1","1","0","1","1","2","0","0","0","2","1","2","2"
"AO703","2","2","2","0","0","2","2","1","2","2","2","2","2","2","2","1","2"
"BO703","2","2","2","1","1","1","2","0","2","2","2","2","2","2","1","2","2"
"PO703","2","2","2","1","1","2","2","0","2","2","2","2","2","2","2","1","2"
"AO705","2","1","2","2","2","2","1","2","2","2","1","1","1","2","2","2","2"
"PO705","2","1","2","2","2","1","1","2","2","2","1","1","1","2","2","2","1"
"SO705","2","1","2","2","2","2","0","1","2","2","0","0","0","2","2","2","2"
"AO706","1","2","2","1","1","2","2","1","2","2","2","2","2","2","2","1","1"
"PO706","1","2","2","1","1","2","1","2","2","2","1","1","1","2","2","2","0"
"AO707","--","2","1","1","1","1","2","1","2","2","2","2","2","2","2","2","2"
"PO707","1","2","1","1","1","1","2","0","1","2","2","2","2","2","1","2","2"
"AO710","1","1","2","1","1","2","0","2","2","2","0","0","0","2","2","2","2"
"PO710","1","2","2","1","1","1","0","1","2","2","1","1","0","2","1","2","1"
"SO710","2","0","2","0","0","2","0","2","2","2","0","0","0","2","2","2","1"
"AO717","2","1","2","2","2","2","0","1","2","2","0","0","0","1","2","2","2"
"PO717","1","1","2","2","2","1","0","1","2","2","0","0","0","2","1","2","2"
"SO717","2","1","2","2","2","2","1","2","2","2","1","1","1","1","2","2","2"
"AO719","1","0","2","1","1","2","2","1","2","2","2","2","2","2","2","2","2"
"PO719","2","1","2","1","1","2","1","1","2","2","1","1","1","1","2","2","1"
"BO721","2","1","2","1","1","2","1","2","2","2","1","1","1","2","2","2","1"
"PO721","2","2","2","1","1","1","1","2","1","2","1","1","1","1","1","2","2"
"SO721","2","1","2","2","2","2","0","2","2","2","0","0","0","2","2","2","1"
"AO722","2","--","2","1","1","0","1","1","2","2","1","1","1","2","1","2","2"
"SO722","2","--","2","1","1","0","1","2","2","1","1","1","1","2","1","2","2"
"AO728","1","0","2","1","1","2","1","2","2","2","1","1","1","2","2","2","2"
"BO728","--","1","1","2","2","2","2","2","2","2","2","2","2","2","1","2","1"
"PO728","1","0","1","1","1","2","1","1","2","2","1","1","1","2","2","2","1"
"AO734","1","1","2","1","1","2","1","2","2","2","1","1","1","2","2","2","2"
"BO734","1","2","2","1","1","2","1","2","2","2","1","1","1","2","2","2","1"
"PO734","2","0","1","1","1","2","1","2","2","2","1","1","1","2","2","2","2"
"AO736","2","2","2","1","1","1","1","2","2","2","1","1","1","2","1","2","1"
"PO736","2","2","2","0","0","0","2","2","1","2","2","2","2","2","1","2","1"
"SO736","2","--","2","2","2","1","0","1","2","2","0","0","0","2","1","2","2"
"AO738","2","1","2","1","1","2","2","2","2","2","2","2","2","2","1","2","2"
"PO738","2","2","2","1","1","2","2","2","2","2","2","2","2","2","2","2","2"
"SO738","2","1","2","2","2","2","2","2","2","2","2","2","2","2","1","2","2"
"AO741","2","2","1","0","0","2","2","1","2","1","2","2","2","2","2","2","1"
"PO741","2","2","0","1","1","2","2","0","2","2","2","2","2","2","2","2","1"
"SO741","2","--","1","0","0","1","2","1","2","1","2","2","2","2","1","2","1"
"AO744","1","1","2","2","2","1","1","2","2","2","1","1","1","2","1","2","1"
"BO744","2","1","2","2","2","1","1","2","1","2","1","1","1","2","1","2","1"
"PO744","1","1","2","1","1","0","0","2","2","2","0","0","0","2","0","2","0"
"AO752","2","1","2","0","0","2","0","2","2","2","0","0","0","2","2","2","2"
"BO752","2","2","2","0","0","1","0","2","2","2","0","0","0","2","1","2","2"
"PO752","2","2","2","1","1","2","1","2","2","1","1","1","1","2","2","2","2"
"AO758","1","1","2","1","1","1","1","0","2","2","1","1","1","2","2","2","1"
"PO758","2","1","2","1","1","1","2","1","2","2","2","2","2","2","2","2","0"
"SO758","2","1","2","1","1","2","1","1","2","2","1","1","1","2","2","2","2"
"AO767","2","1","2","2","2","2","2","1","2","2","2","2","2","2","2","2","1"
"PO767","2","2","2","2","2","2","2","2","2","2","2","2","2","2","2","2","1"
"AO768","2","1","2","1","1","2","1","1","2","2","1","1","1","2","2","2","1"
"BO768","1","2","2","1","1","2","1","1","2","2","2","2","1","2","2","2","1"
"PO768","2","2","1","0","0","2","1","2","2","2","1","1","1","2","2","2","2"
"AO770","2","2","2","1","1","0","1","1","2","2","1","1","1","2","0","1","2"
"BO770","2","2","2","--","1","1","1","1","2","2","1","1","1","2","1","1","1"
"PO770","2","2","2","0","0","1","0","0","2","2","0","0","0","2","1","1","2"
"SO770","2","2","2","1","1","1","2","1","2","2","2","2","2","2","1","2","1"
"AO772","1","1","2","0","0","1","2","0","1","2","1","1","2","2","2","2","2"
"PO772","2","2","2","0","0","1","2","0","2","2","1","1","2","2","2","2","2"
"SO772","1","1","1","1","1","2","2","0","1","2","0","0","2","2","2","2","2"
"AO775","2","2","2","0","0","1","1","1","2","2","1","1","1","2","1","2","2"
"PO775","2","2","2","1","1","1","2","2","2","2","2","2","2","2","1","2","2"
"SO775","2","2","2","1","1","2","1","1","2","2","1","1","1","2","2","2","1"
"AO774","2","1","2","2","2","1","0","2","2","2","0","0","0","2","1","1","1"
"PO774","2","2","2","2","2","1","0","2","2","1","0","0","0","2","1","2","1"
"PO064","2","1","2","0","0","1","1","2","2","2","1","1","1","2","1","2","2"
"AO064","2","1","2","1","1","2","2","2","1","2","2","2","2","2","2","1","1"
"PO141","1","2","2","1","1","1","1","1","1","2","1","1","1","2","1","2","2"
"AO141","0","1","2","2","2","0","0","1","1","1","0","0","0","1","0","2","2"
"SO143","2","2","1","1","1","2","1","0","2","2","1","1","1","2","1","2","1"
"AO143","2","1","2","1","1","1","0","0","2","2","0","0","0","2","0","2","2"
"PO069","2","0","2","1","1","2","2","1","2","2","2","2","2","2","2","2","2"
"SO069","2","2","2","0","0","2","0","2","2","2","0","0","0","2","1","1","0"
"AO069","2","1","2","1","1","2","1","2","2","2","1","1","1","2","1","2","1"
"PO133","2","1","2","1","1","1","0","1","2","2","0","0","0","2","1","2","2"
"AO133","2","0","1","2","2","1","1","2","2","2","1","1","1","2","1","2","0"
"PO105","1","2","2","0","0","1","2","1","2","2","2","2","2","2","2","2","2"
"BO105","2","2","1","0","0","1","1","1","2","2","1","1","1","2","2","2","2"
"PO200","1","2","1","2","2","2","0","2","2","1","0","0","0","2","2","1","2"
"AO200","2","2","1","2","2","1","0","2","2","2","0","0","0","2","1","2","2"
"PO104","1","1","1","2","2","2","0","1","2","2","0","0","0","1","2","2","2"
"SO104","2","2","1","0","0","2","2","0","2","2","2","2","2","2","2","2","2"
"AO104","2","1","1","1","1","2","1","0","2","2","1","1","1","2","2","2","2"
"PO095","2","2","0","1","1","1","0","2","2","2","0","0","0","2","1","2","0"
"AO095","2","2","1","1","1","2","1","2","2","2","1","1","1","2","2","2","1"
"PO117","2","1","2","1","1","1","1","1","0","2","1","1","1","2","1","1","2"
"SO117","2","1","2","1","1","2","0","1","2","2","0","0","0","2","2","2","2"
"AO117","2","1","2","1","1","1","1","1","1","2","1","1","1","2","1","2","2"
"PO098","2","2","2","0","0","1","0","1","2","2","0","0","0","2","1","0","1"
"SO098","2","2","2","1","1","2","2","1","2","2","2","2","2","2","2","1","0"
"AO098","2","2","2","0","0","2","1","1","2","2","1","1","1","2","2","0","1"
"PO126","2","2","2","1","1","2","1","2","2","1","1","1","1","2","2","2","2"
"AO126","2","1","2","2","2","2","1","2","2","2","1","1","1","2","2","2","2"
"PO206","2","1","2","0","0","2","2","2","2","2","2","2","2","2","2","1","2"
"AO206","2","1","2","1","1","2","2","1","2","2","2","2","2","2","2","2","2"
"PO076","2","2","2","1","1","1","2","2","2","2","2","2","2","2","2","2","1"
"SO076","2","2","1","1","1","1","0","1","2","2","0","0","0","2","1","2","2"
"AO076","2","2","2","0","0","2","1","1","2","2","1","1","1","2","2","2","1"
"SO088","2","1","2","2","2","2","1","2","2","2","1","1","1","2","2","2","2"
"AO088","2","2","1","2","2","2","0","2","2","2","0","0","0","2","2","2","2"
"BO088","2","2","2","2","2","2","0","2","2","2","0","0","0","2","2","2","1"
"PO086","2","1","2","2","2","2","2","0","2","1","2","2","2","2","2","2","1"
"AO086","2","2","2","1","1","2","2","0","2","1","2","2","2","2","2","2","1"
"PO136","2","2","1","1","1","1","2","2","2","2","2","2","2","1","1","2","2"
"SO136","2","1","2","1","1","1","1","2","2","2","1","1","1","2","1","1","2"
"AO136","2","2","2","2","2","1","2","2","2","2","2","2","2","2","1","1","2"
"PO066","1","2","2","2","2","1","1","1","2","2","1","1","1","2","1","2","2"
"SO066","2","2","2","1","1","2","0","2","2","2","0","0","0","2","2","1","2"
"AO066","2","2","2","2","2","1","1","2","2","2","1","1","1","2","1","1","2"
"PO074","1","1","2","2","2","0","0","1","2","2","0","0","0","2","0","1","0"
"AO074","1","2","2","1","1","0","1","2","2","2","1","1","1","2","0","0","1"
"PO110","2","2","2","1","1","2","0","2","2","2","0","0","0","2","2","2","1"
"AO110","2","2","2","1","1","2","1","1","2","2","1","1","1","2","2","2","0"
"BO110","2","2","2","1","1","2","1","1","2","2","1","1","1","2","2","2","0"
"PO142","--","2","2","2","2","1","2","2","2","2","2","2","2","2","1","1","1"
"AO142","1","2","2","1","1","1","1","2","2","2","1","1","1","2","1","2","2"
"PO211","2","2","1","2","2","1","1","1","2","2","1","1","1","2","1","2","2"
"SO211","--","--","2","1","1","1","2","1","2","2","2","2","2","2","1","2","2"
"AO211","--","2","2","1","1","0","2","2","2","2","2","2","2","2","0","2","2"
"BO211","1","2","2","1","1","0","2","1","2","2","2","2","2","2","0","2","2"
"PO083","2","1","1","0","0","2","1","1","2","2","1","1","1","2","2","2","2"
"SO083","2","2","0","2","2","2","1","1","2","2","1","1","1","2","2","2","2"
"AO083","2","1","1","1","1","2","1","1","2","2","1","1","1","2","2","2","2"
"PO210","2","1","1","0","0","1","0","1","2","0","0","0","0","2","1","2","1"
"BO210","2","1","0","0","0","1","0","0","2","0","0","0","0","2","1","2","0"
"SO077","2","2","2","0","0","1","2","2","2","2","2","2","2","2","1","2","2"
"AO077","2","2","2","0","0","2","2","2","2","2","2","2","2","2","2","2","2"
"PO213","2","2","2","1","1","2","1","0","1","2","2","2","1","2","2","2","2"
"SO213","2","--","2","0","0","1","2","2","2","2","2","2","2","2","1","2","2"
"AO213","2","1","2","0","0","1","2","1","1","2","2","2","2","2","1","2","2"
"SO217","2","2","2","1","1","1","0","2","2","2","0","0","0","2","1","2","1"
"BO217","2","1","2","2","2","1","1","2","1","2","1","1","1","2","1","2","2"
"PO220","2","2","0","1","1","2","1","2","2","2","1","1","1","2","2","2","2"
"SO220","2","2","1","2","2","2","1","1","2","1","1","1","1","2","2","2","2"
"AO220","2","2","1","2","2","2","0","1","2","2","0","0","0","2","2","2","2"
"BO220","2","2","0","2","2","2","1","2","2","2","1","1","1","2","2","2","2"
"PO219","2","0","1","1","1","1","1","1","2","2","1","1","1","1","1","2","1"
"SO219","2","1","2","2","2","2","2","1","2","2","2","2","2","2","2","2","2"
"AO219","2","0","1","1","1","1","1","0","2","2","1","1","1","1","1","2","2"
"BO219","2","0","1","1","1","1","1","0","2","2","1","1","1","1","1","2","2"
"SO067","2","1","1","0","0","2","2","1","1","2","2","2","2","2","2","2","2"
"AO067","2","2","2","0","0","2","1","1","0","2","1","1","1","2","2","2","2"
"PO217","2","0","2","2","2","1","2","1","1","2","2","2","2","2","1","2","2"
